ID,REF_NO,OCCURED_AT,LOCATION,FROM(KM),TO(KM),SEC_ID,TRAIN,LOCO/TROLLEY,ACCIDENT_SUBJECT,DEATH/INJURY,ACCIDENT_CAUSE,RESPONSIBLE_DESIGNATION
1,MAI.ACC.32.2022,6/14/22 19:30,TCMB,,,,S/E,64U06,LOCO FAILURE,,MECHANICAL,ROLLING STOCK
2,LUC.ACC.06.2022,6/14/22 18:25,,11234.2,,E-LUC-KGM,Y14,9006,DERAILMENT,,TO BE STATED,
3,FLA.ACC.05.2022,5/31/22 22:10,,12333,,D-MTE-FLA,A361,9007,LOCO FAILURE,,EXCESSIVE WHEEL SLIP,ROLLING STOCK
4,TUR.ACC.02.2022,5/31/22 15:10,,10694,,C-KGX-TUR,,,BROKEN/BUCKLED RAIL,,LORRY CROSSING OVER THE TRACK,HUMAN ERROR
5,URM.ACC.04.2022,5/30/22 18:00,URM,,,,Y631,9020,LOCO FAILURE,,SHORTAGE OF FUEL,
6,KID.ACC.13.2022,5/29/22 23:40,,10322.2,10323.3,B-MZZ-KID,A361,9015,LOCO FAILURE,,EXCESSIVE WHEEL SLIP,ROLLING STOCK
7,DSM.ACC.14.2022,5/29/22 17:50,DSM WSHOP,,,,S/E,7314,DERAILMENT IN YARD,,TO BE STATED,
8,MAI.ACC.28.2022,5/27/22 20:50,DAR PORT,,,,S/E,64U04,DERAILMENT IN YARD,,TO BE STATED,
9,MZO.ACC.07.2022,5/27/22 12:30,MSO PORT,,,,S/E,64U02,DERAILMENT IN YARD,,TO BE STATED,
10,LLU.ACC.07.2022,5/27/22 9:30,,10875.5,,E-LLU-MBM,,,BROKEN/BUCKLED RAIL,,TEAR AND WEAR,TRACK
11,LAB.ACC.21.2022,5/27/22 3:00,LAB STN,,,,J971,88U07,TRACK INTERFERENCE,,POINTS KNOCKED BY TRAIN,TRACK
12,MAN.ACC.08.2022,5/27/22 1:00,BAH,,,,BD16,9020,DEAD BODY IN TRAIN,,NATURAL DEATH,NONE
13,LAB.ACC.20.20222,5/26/22 17:45,,10006.9,10006.6,A-LAL-PUG,R164,9006,PERSON KNOCKED TRAIN,DEATH,NEGLIGENCY,HUMAN ERROR
14,NGR.ACC.06.22,5/26/22 11:37,NGR STN YARD,,,,BD16,9020,BEES COVERED THE TRAIN,,BEES ENTERED INTO LOCOMOTIVE,NONE
15,HUA.ACC.05.2022,5/26/22 11:30,,10388.2,,B-MSG-IGD,HDT4,,TROLLEY FAILURE,,GEAR NOT ENGAGED,ROLLING STOCK
16,RVJ.ACC.09.2022,5/26/22 6:25,,13158.1,,L-UGW-RVJ,9021,014,DERAILMENT,,TO BE STATED,
17,MPN.ACC.12.2022,5/25/22 13:20,MPN WFP SIDING,,,,,,DERAILMENT IN YARD,,TO BE STATED,
18,LAL.ACC.11.2022,5/24/22 10:25,LAL WEIGH BRIDGE,,,,TRIP,64U05,DERAILMENT IN YARD,,TO BE STATED,
19,KIM.ACC.05.2022,5/23/22 20:00,KIM STN,,,,V731,88UO7,LOCO FAILURE,,MECHANICAL,ROLLING STOCK
20,LLU.ACC.06.2022,5/23/22 15:00,,10872,10872.7,E-LLU-MBM,Q721,9023,DERAILMENT,,TO BE STATED,
21,MOR.ACC.08.2022,5/23/22 0:35,,10203.7,,B-MOR-MBU,,HDTC4,DERAILMENT,,KNOCKED BY CAR,HUMAN ERROR
22,MLP.ACC.06.2022,5/22/22 22:00,,12266.2,,D-MLP-MLA,A471,9015,LOCO FAILURE,,EXCESSIVE WHEEL SLIP,ROLLING STOCK
23,MSO.ACC.03.22,5/22/22 13:30,,12375,,D-FLA-MSO,H53,88U06,MOTOR VEHICLE KNOCKED TRAIN,,NEGLIGENCY,HUMAN ERROR
24,TBR.ACC.12.22,5/21/22 19:00,TBR YARD,,,,B12,9022,DERAILMENT IN YARD,,TO BE STATED,
25,KZM.ACC.17.2022,5/21/22 18:35,,11151.2,11151.4,E-UVZ-KZM,B221,9016,LOCO FAILURE,,POOR PULLING POWER,ROLLING STOCK
26,MOR.ACC.08.22,5/21/22 4:35,,10208.5,,B-MOR-MBU,B251,9006,LOCO FAILURE,,POOR BRAKE,ROLLING STOCK
27,LAL.ACC.10.2022,5/21/22 3:20,LAL YARD,,,,E311,88U07,DERAILMENT IN YARD,,BRAKE BEAM DROPPED,ROLLING STOCK
28,MBO.ACC.02.22,5/21/22 0:02,,14092,14111.5,M-KOR-MRI,I17,9021,LOCO FAILURE,,EXCESSIVE WHEEL SLIP,ROLLING STOCK
29,MAI.ACC.27.2022,5/20/22 15:15,MAI PORT,,,,S/E,64U04,DERAILMENT IN YARD,,TO BE STATED,
30,USK.ACC.02.2022,5/20/22 8:30,USK YARD,,,,BD16,9007,LOCO FAILURE,,SHUT DOWN,ROLLING STOCK
31,ISK.ACC.06.2022,5/20/22 2:50,,12117,,D-MHN-ISK,D361,9004,LOCO FAILURE,,EXCESSIVE WHEEL SLIP,ROLLING STOCK
32,NGR.ACC.06.2022,5/20/22 0:15,NGR STN,,,,X331,9006,LOCO FAILURE,,MECHANICAL FAULT,ROLLING STOCK
33,MAI.ACC.66.2022,5/19/22 18:00,MAI PORT,,,,S/E,64U04,DERAILMENT IN YARD,,TO BE STATED,
34,NGR.ACC.05.2022,5/19/22 17:45,,10149,,A-NGR-KIO,X331,88U01,LOCO FAILURE,,MECHANICAL,ROLLING STOCK
35,BNE.ACC.02.2022,5/19/22 8:25,,12071.4,12071.7,D-IPL-BNE,D361,9016,LOCO FAILURE,,EXCESSIVE WHEEL SLIP,ROLLING STOCK
36,ZZU.ACC.06.2022,5/18/22 16:30,ZZU STN YARD,,,,X331,88U01,LOCO FAILURE,,SHORTAGE OF FUEL,ROLLING STOCK
37,MOS.ACC.07.2022,5/17/22 17:20,MOS SHED,,,,O14,9014,LOCO FAILURE,,HEAVY LEAKAGE OF WATER THROUGH CYLINDER HEADS,ROLLING STOCK
38,BNE.ACC.01.2022,5/17/22 10:15,,12100.7,12100.9,D-BNE-MHN,H54,9004,MECHANICAL DEFECTS,,WHEEL AXLE BROKEN,ROLLING STOCK
39,DOM.ACC.06.22,5/17/22 3:25,DOM STN YARD,,,,D211,88U10,LOCO FAILURE,,MAIN ALTERNATOR GEAR DEFECTIVE,ROLLING STOCK
40,TBR.ACC.14.2022,5/17/22 0:30,,12011.4,,D-TBR-KOL,X331,88U01,LOCO FAILURE,,SHORTAGE OF FUEL,ROLLING STOCK
41,DOM.ACC.06.2022,5/16/22 13:30,DOM YARD,,,,B12,9002,LOCO FAILURE,,DBV PROBLEM,ROLLING STOCK
42,LLU.ACC.04.22,5/16/22 10:55,,10855,10854.8,E-TBR-LLU,N52,9016,DERAILMENT,,TO BE STATED,
43,RUV.ACC.04.22,5/15/22 21:00,RUV STN YARD,,,,V311,88U16,LOCO FAILURE,,MECHANICAL,
44,MKA.ACC.02.2022,5/15/22 13:35,,10255,,B-MKA-KMM,YD11,88U06,COW KNOCKED TRAIN,,COW PASSED OVER THE TRACK,NONE
45,KAT.ACC.05.2022,5/14/22 15:00,,10014,,A-LAL-PUG,863,7317,LOCO FAILURE,,MECHANICAL,ROLLING STOCK
46,MLM.ACC.02.2022,5/14/22 2:50,MLM STN,,,,D361,9019,LOCO FAILURE,,NO SAND IN SAND BOX,ROLLING STOCK
47,GDA.ACC.05.2022,5/13/22 1:40,,13038.8,,L-MYB-GDA,D361,9019,LOCO FAILURE,,GRASSES ON THE TRACK,TRACK
48,MUP.ACC.22.2022,5/12/22 19:20,,10557,,C-MUP-SAD,,HDT4,TROLLEY FAILURE,,MECHANICAL,ROLLING STOCK
49,MYB.ACC.07.2022,5/12/22 16:00,,13023.5,13019.1,L-MYB-GDA,W361,9006,LOCO FAILURE,,GRASSES ON THE TRACK,TRACK
50,PON.ACC.04.22,5/12/22 14:00,,14005.3,,M-TAN-PON,,,BROKEN/BUCKLED RAIL,,TEAR AND WEAR,TRACK
51,MZU.ACC.09.2022,5/11/22 23:30,,14058,14059,M-KUH-MZU,M7B,9019,LOCO FAILURE,,EXCESSIVE WHEEL SLIP,ROLLING STOCK
52,LAL.ACC.07.2022,5/11/22 21:30,LAL YARD,,,,B251,88U01,LOCO FAILURE,,MECHANICAL,ROLLING STOCK
53,MAI.ACC.25.2022,5/10/22 1:30,MAI YARD,,,,F341,88U07,LOCO FAILURE,,POOR PULLING POWER,ROLLING STOCK
54,TBR.ACC.13.22,5/10/22 0:20,TBR STN YARD,,,,B211,9023,LOCO FAILURE,,PRESSURE PROBLEM,ROLLING STOCK
55,PJI.ACC.06.2022,5/9/22 15:40,PJI YARD,,,,I13,9018,CAPSIZEMENT,,HALF WAY SET OF POINTS,HUMAN ERROR
56,MAL.ACC.05.2022,5/9/22 6:30,,11061.5,11061.9,E-NUR-MAL,K721,9014,LOCO FAILURE,,EXCESSIVE WHEEL SLIP,ROLLING STOCK
57,MYB.ACC.06.2022,5/8/22 11:35,,13006.9,13006.8,L-MZU-MYB,I611,9006,DERAILMENT,,TO BE STATED,
58,UGR.ACC.09.22,5/8/22 10:40,,19120.5,,E1-UGR-KTB,,,BROKEN/BUCKLED RAIL,,TEAR AND WEAR,TRACK
59,MYB.ACC.05.2022,5/7/22 14:05,,13032.7,13032.6,L-MYB-GDA,I611,9006,DERAILMENT,,TO BE STATED,
60,NUR.ACC.02.2022,5/7/22 0:40,,11036.2,11036.3,E-USG-NUR,K771,9004,DERAILMENT,,TO BE STATED,
61,MZU.ACC.07.2022,5/5/22 12:25,,13007.6,,L-MZU-MYB,W361,9019,LOCO FAILURE,,EXCESSIVE WHEEL SLIP,ROLLING STOCK
62,BAH.ACC.01.2022,5/4/22 20:10,,10492.6,10492,C-KGE-BAH,E241,9012,LOCO FAILURE,,PRESSURE PROBLEM,ROLLING STOCK
63,ITG.ACC.07.2022,5/4/22 19:30,ITG STN,,,,Y14,88U06,LOCO FAILURE,,DBV PROBLEM,ROLLING STOCK
64,MAL.ACC.04.2022,5/4/22 17:00,,11088.5,11088.9,E-MAL-UVZ,Y651,88U07,CAPSIZEMENT,,TO BE STATED,
65,MAI.ACC.23.2022,5/4/22 16:30,MAI YARD,,,,S/E,64U07,DERAILMENT IN YARD,,TO BE STATED,
66,MIK.ACC.03.2022,5/2/22 19:30,,10159.3,,A-KIO-MIK,E331,9023,LOCO FAILURE,,AIR PRESSURE PROBLEM,ROLLING STOCK
67,KID.ACC.12.2022,5/2/22 13:15,,10320.9,10320.3,B-MZZ-KID,V721,9021,DERAILMENT,,TO BE STATED,
68,UGR.ACC.08.2022,5/1/22 18:40,,19109.5,19110,E1-LME-UGR,874,9015,DERAILMENT,,TO BE STATED,
69,KZM.ACC.16.22,5/1/22 12:50,,11220.1,11220.2,E-KZM-LUC,K723,9016,CAPSIZEMENT,,SUSPECTED OVERLOAD,HUMAN ERROR
70,MYA.ACC.07.2022,4/30/22 8:30,MYA-UGO,10010.6,,A-LAL-PUG,,,BROKEN/BUCKLED RAIL,,TEAR AND WEAR,TRACK
71,KZM.ACC.16.2022,4/29/22 15:10,KZM STN YARD,,,,B271,9016,LOCO FAILURE,,MECHANICAL,ROLLING STOCK
72,LLU.ACC.04.2022,4/29/22 10:40,,10874.3,10874.4,E-LLU-MBM,,,BROKEN/BUCKLED RAIL,,TEAR AND WEAR,TRACK
73,MAI.ACC.22.2022,4/29/22 6:40,KUN SIDING,,,,,,DERAILMENT IN YARD,,TO BE STATED,
74,LAL.ACC.06.2022,4/28/22 20:40,LAL YARD,,,,,9007,DERAILMENT IN YARD,,SAND COVERED ON THE TRACK,TRACK
75,KZM.ACC.13.2022,4/28/22 20:20,,11208.8,,E-KZM-LUC,Y661,9020,LOCO FAILURE,,EXCESSIVE WHEEL SLIP,ROLLING STOCK
76,MAI.ACC.21.2022,4/28/22 14:10,MAI YARD,,,,TRIP,9023,DERAILMENT IN YARD,,TO BE STATED,
77,MOR.ACC.07.ACC.2022,4/28/22 13:15,MOR YARD,,,,Y14,88U10,LOCO FAILURE,,MECHANICAL,ROLLING STOCK
78,MBO.ACC.02.2022,4/28/22 11:10,,14098.6,,M-MRI-MKY,862,9006,LOCO FAILURE,,EXCESSIVE WHEEL SLIP,ROLLING STOCK
79,MSO.ACC.05.2022,4/28/22 10:30,MSO YARD,,,,S/E,64U04,DERAILMENT IN YARD,,WIDE GAUGE,TRACK
80,MAI.ACC.17.2022,4/28/22 8:50,KUN SIDING,,,,,,SAND COVERED OVER THE TRACK,,HEAVY RAIN,TRACK
81,MSO.ACC.07.2022,4/27/22 12:35,MSO YARD,,,,S/E,64U04,DERAILMENT IN YARD,,TO BE STATED,
82,MZO.ACC.04.2022,4/27/22 10:20,MZO YARD,,,,S/E,64U04,DERAILMENT IN YARD,,WIDE GAUGE,TRACK
83,MPN.ACC.10.2022,4/26/22 18:40,,19180,19180.1,E1-KTB-MPN,N54,9012,DERAILMENT,,TO BE STATED,
84,MLP.ACC.04.2022,4/26/22 17:55,,12256,,D-SKE-MLP,A411,9021,LOCO FAILURE,,EXCESSIVE WHEEL SLIP,ROLLING STOCK
85,MZU.ACC.06.2022,4/26/22 12:00,,14041,,M-MUH-KUH,M7A,9007,MOTOR VEHICLE KNOCKED TRAIN,,NEGLIGENCY,HUMAN ERROR
86,MOR.ACC.06.2022,4/26/22 3:15,,10214.8,10214.9,B-MOR-MBU,,,WATER PASSING OVER THE TRACK,,HEAVY RAIN,NONE
87,MPN.ACC.09.2022,4/25/22 9:30,,19202.1,19202.2,E1-KTB-MPN,,,DEAD BODY FOUND ON THE TRACK,,,NONE
88,MUP.ACC.07.2022,4/25/22 8:25,MUP STN YARD,,,,B12,9010,LOCO FAILURE,,HEAVY RAIN,NONE
89,KID.ACC.11.2022,4/25/22 0:00,,10340.9,,B-KID-GGD,X321,9101,MECHANICAL DEFECTS,,WAGON SCREW COUPLING DISCONECTED,ROLLING STOCK
90,MUH.ACC.04.2022,4/24/22 15:55,,,,,,,TRACK INTERFERENCE,,TTCL POLE FALLEN ON THE TRACK,NONE
91,LLU.ACC.03.2022,4/24/22 12:25,LLU STN YARD,,,,Y611,9012,LOCO FAILURE,,SHORTAGE OF FUEL,ROLLING STOCK
92,KZM.ACC.14.2022,4/24/22 10:50,,11150.1,,E-UVZ-KZM,K771,9016,LOCO FAILURE,,MECHANICAL,ROLLING STOCK
93,MAI.ACC.18.2022,4/24/22 9:20,PORT BRIDGE TANESCO LXING,,,,,,SAND COVERED THE TRACK,,HEAVY RAIN,NONE
94,LUC.ACC.04.2022,4/23/22 19:00,,11215.5,11215.7,E-KZM-LUC,Y611,9012,LOCO FAILURE,,EXCESSIVE WHEEL SLIP,NONE
95,SAD.ACC.05.2022,4/23/22 16:30,SAD STN,,,,V771,88U06,LOCO FAILURE,,MECHANICAL,ROLLING STOCK
96,DSM.ACC.12.22,4/23/22 12:50,NKURUMA LXING,,,,S/E,7314,DERAILMENT IN YARD,,TO BE STATED,
97,USR.ACC.02.2022,4/22/22 22:20,USR STN,,,,Q7A,88U07,LOCO FAILURE,,WEATHER CONDITION ON THE TRACK,ROLLING STOCK
98,MOS.ACC.05.2022,4/22/22 20:15,,15001,,MQ-MOS-KUL,Q7A,88U07,PERSON KNOCKED TRAIN,,TRESPASSING,HUMAN ERROR
99,MAI.ACC.23.22,4/22/22 15:00,KUN PORT,,,,,,SAND COVERED OVER TRACK,,HEAVY RAIN,NONE
100,MZO.ACC.03.2022,4/22/22 9:50,MZO YARD,,,,S/E,64U04,DERAILMENT IN YARD,,WIDE GAUGE,TRACK
101,MYA.ACC.06.2022,4/22/22 6:45,,10007.6,10007.7,A-LAL-PUG,J171,88U02,MOTOR VEHICLE KNOCKED TRAIN,,CARELESS OF MOTOR VEHICLE DRIVER,HUMAN ERROR
102,MUP.ACC.06.2022,4/22/22 0:30,,10558.3,,C-MUP-SAD,BD16,9002,LOCO FAILURE,,POWER CUT OFF,ROLLING STOCK
103,MPN.ACC.08.2022,4/21/22 13:00,,19201.3,,E1-KTB-MPN,,,BROKEN/BUCKLED RAIL,,TEAR AND WEAR,TRACK
104,KZM.ACC.14.22,4/21/22 6:00,,11221.9,,E-KZM-LUC,Y661,9006,DERAILMENT,,DROPPED BREAK BEAM ON CLB 57178,
105,MAI.ACC.2022,4/21/22 5:50,MAI/KUN SIDING,,,,S/E,64U07,DERAILMENT IN YARD,,TO BE STATED,
106,MNU.ACC.04.2022,4/20/22 19:50,MNU STN YARD,,,,W331,88U07,LOCO FAILURE,,WEATHER CONDITION ON THE TRACK,ROLLING STOCK
107,KID.ACC.10.2022,4/20/22 0:15,KID STN YARD,,,,A331,9004,LOCO FAILURE,,CUT OFF POWER,ROLLING STOCK
108,MAI.ACC.15.2022,4/18/22 16:15,MGOMO LINE DSM,,,,,HDTC 3,DERAILMENT IN YARD,,WIDE GAUGE,
109,MAI.ACC.14.22,4/18/22 14:30,MGOMO LINE YARD,,,,725,8825,DERAILMENT IN YARD,,DEFECTIVE WAGON,ROLLING STOCK
110,MAI.ACC.13.22,4/16/22 20:50,MAI YARD,,,,S/E,64U07,DERAILMENT IN YARD,,WIDE GAUGE,
111,MNU.ACC.03.2022,4/16/22 19:00,,14062.5,,M-KUH-MZU,M7A,9020,LOCO FAILURE,,HEAVY RAIN,ROLLING STOCK
112,MAI.ACC.12.22,4/16/22 8:00,PORT BRIDGE DSM,,,,,,SAND COVERED THE TRACK,,HEAVY RAIN,NONE
113,DOM.ACC.05.2022,4/16/22 6:20,,10458.7,,C-DOM-ZZU,D351,88U14,MOTOR VEHICLE KNOCKED TRAIN,,NEGLIGENCY,HUMAN ERROR
114,KIM.ACC.04.2022,4/15/22 21:00,,10179.2,,A-MIK-KIM,E772,9007,LOCO FAILURE,,EXCESSIVE WHEEL SLIP,ROLLING STOCK
115,SOG.ACC.03.2022,4/15/22 17:55,PJI STN,,,,C371,9019/9004,LOCO FAILURE,,DBV PROBLEM,ROLLING STOCK
116,KAT.ACC.04.22,4/15/22 7:00,,10012.8,,A-LAL-PUG,C371,9007/9016,LOCO FAILURE,,JUMPER CABLE LOOSE BTN TWO LOCOS,ROLLING STOCK
117,KLO.ACC.05.2022,4/14/22 14:30,,10243.8,,B-MKA-KMM,BD16,9015,COW KNOCKED TRAIN,,CATTLES PASSING OVER THE TRACK,HUMAN ERROR
118,MSO.ACC.05.22,4/14/22 13:50,,12373.9,,D-FLA-MSO,D311,9010,MOTOR VEHICLE KNOCKED TRAIN,,CARELESS OF MOTOR VEHICLE DRIVER,HUMAN ERROR
119,MZU.ACC.05.2022,4/14/22 8:30,,14062.9,14064.4,M-KUH-MZU,,,SKIDDED RAIL,,TO BE STATED,TRACK
120,UGR.ACC.07.2022,4/14/22 4:20,,19094.2,19094,E1-LME-UGR,G55,9002,CAPSIZEMENT,,JERKING,
121,MOR.ACC.05.22,4/12/22 18:40,,10214.9,,B-MOR-MBU,,,WATER PASSED OVER THE TRACK,,HEAVY RAIN,NONE
122,MSO.ACC.04.2022,4/12/22 18:30,,12361,,D-FLA-MSO,A361,9012,LOCO FAILURE,,EXCESSIVE WHEEL SLIP,ROLLING STOCK
123,LLU.ACC.02.2022,4/11/22 13:45,,10868.6,10868.7,E-LLU-MBM,,,BROKEN/BUCKLED RAIL,,TEAR AND WEAR,TRACK
124,TBR.ACC.13.2022,4/11/22 10:50,,10842.8,,E-TBR-LLU,,,BROKEN/BUCKLED RAIL,,TEAR AND WEAR,TRACK
125,KID.ACC.09.2022,4/11/22 8:20,,10325.7,,B-KID-GGD,,,BROKEN/BUCKLED RAIL,,TEAR AND WEAR,TRACK
126,MYB.ACC.03.2022,4/10/22 17:40,,10024,10024.5,A-PUG-PJI,W311,88U10,DERAILMENT,,TO BE STATED,
127,ITG.ACC.02.2022,4/10/22 6:30,ITG STN,,,,V711,88U06,TRACK INTERFERENCE,,TRAIN KNOCK ELECTRIC POLE,HUMAN ERROR
128,MYA.ACC.04.2022,4/9/22 8:57,,10011,,A-LAL-PUG,,,BROKEN/BUCKLED RAIL,,TEAR AND WEAR,TRACK
129,LUC.ACC.02.2022,4/7/22 19:40,,11217.7,11217.9,E-KZM-LUC,BC51,9010,DERAILMENT,,TO BE STATED,
130,KUA.ACC.01.2022,4/7/22 12:00,,10973.8,10973.9,E-KUA-KOM,,,BROKEN/BUCKLED RAIL,,TEAR AND WEAR,TRACK
131,RVJ.ACC.08.2022,4/6/22 14:45,,13134.6,,L-WMI-UGW,,,BROKEN/BUCKLED RAIL,,TEAR AND WEAR,TRACK
132,DOM.ACC.03.2022,4/6/22 5:25,,10471.5,,C-ZZU-KGE,X331,9016/9022,LOCO FAILURE,,EXCESSIVE WHEEL SLIP,TRACK
133,GGD.ACC.31.2022,4/5/22 12:25,,10347.9,,B-KID-GGD,B221,9020,DERAILMENT,,POOR LASHING OF WAGON,HUMAN ERROR
134,RVJ.ACC.07.2022,4/5/22 9:40,,13154.4,,L-WMI-UGW,,,BROKEN/BUCKLED RAIL,,TEAR AND WEAR,TRACK
135,UGE.ACC.07.2022,4/3/22 16:40,,10973,,E-KUA-KOM,,,BROKEN/BUCKLED RAIL,,TEAR AND WEAR,TRACK
136,ISK.ACC.04.2022,4/3/22 12:05,ISK YARD,,,,D271,9017,DERAILMENT IN YARD,,TO BE STATED,
137,ISK.ACC.03.2022,4/3/22 8:40,,12112,12112.9,D-MHN-ISK,D271,9017,LOCO FAILURE,,EXCESSIVE WHEEL SLIP,ROLLING STOCK
138,MAN.ACC.06.2022,4/2/22 16:50,,10588,,C-MAN-AGH,V915,9022,DERAILMENT,,KNOCKED BY LORRY,HUMAN ERROR
139,MAL.ACC.03.2022,4/2/22 8:00,MAL STN YARD,,,,BC51,9012,DERAILMENT IN YARD,,TO BE STATED,
140,RVJ.ACC.05.22,4/2/22 7:30,,13159.4,,L-UGW-RVJ,,,BROKEN/BUCKLED RAIL,,TEAR AND WEAR,TRACK
141,MAN.ACC.05.2022,4/1/22 20:20,MAN YARD,,,,Z361,9019,LOCO FAILURE,,AIR PRESSURE PROBLEM,ROLLING STOCK
142,HUA.ACC.04.2022,4/1/22 11:20,,10443.8,,B-HUA-DOM,D271,9007,LOCO FAILURE,,EXCESSIVE WHEEL SLIP,ROLLING STOCK
143,PUG.ACC.03.2022,4/1/22 9:30,,10009,,A-LAL-PUG,P173,9023,PERSON KNOCKED TRAIN,,CARELESS OF TRESSPASSER,HUMAN ERROR
144,SAD.ACC.03.2022,3/31/22 22:30,,10556.6,10557.1,C-MUP-SAD,BD 16,9012,LOCO FAILURE,,MECHANICAL DEFECTS,ROLLING STOCK
145,LAL.ACC.04.2022,3/31/22 10:30,LAL STN,,,,S/E,64U05,DERAILMENT IN YARD,,ROUGH SHUNTING,HUMAN ERROR
146,TUR.ACC.01.2022,3/30/22 11:50,TUR STN,,,,B271,9017,LOCO FAILURE,,SHORTAGE OF FUEL,ROLLING STOCK
147,MAI.ACC.14.2022,3/30/22 9:40,TPA PORT,,,,,,WATER COVERED ON THE TRACK,,HEAVY RAIN,NONE
148,MAI.ACC.13.2022,3/30/22 9:20,KUN SIDING,,,,,,SAND COVERED OVER THE TRACK,,HEAVY RAIN,NONE
149,MUP.ACC.05.2022,3/29/22 12:20,,10557.5,,C-MUP-SAD,E741,9017,LOCO FAILURE,,EXCESSIVE WHEEL SLIP,NONE
150,MOS.ACC.03.2022,3/29/22 10:10,,14004.6,,M-TAN-PON,Q1A,9018,LOCO FAILURE,,AIR LEAKAGE AT AIR DRIER,ROLLING STOCK
151,KGM.ACC.09.2022,3/29/22 2:40,,11220.9,11223.3,E-KZM-LUC,Y641,9021,DERAILMENT,,TO BE STATED,
152,ZZU.ACC.05.2022,3/28/22 12:00,,10503.2,,C-KGE-BAH,Z611,9010,LOCO FAILURE,,POOR PULLING POWER,ROLLING STOCK
153,RVJ.ACC.05.2022,3/28/22 11:20,,10072.4,,A-NTA-RUV,,,BROKEN/BUCKLED RAIL,,TEAR AND WEAR,TRACK
154,MAN.ACC.04.2022,3/28/22 2:20,,10578.2,10578.4,C-SAD-MAN,Z611,9010,LOCO FAILURE,,MECHANICAL,ROLLING STOCK
155,MYN.ACC.03.2022,3/27/22 19:10,UGO SDG,,,,F321,9007,DERAILMENT IN YARD,,POOR APPLICATION OF BRAKE,HUMAN ERROR
156,WMI.ACC.04.2022,3/27/22 14:30,,13125.4,,L-WMI-UGW,,,BROKEN/BUCKLED RAIL,,TEAR AND WEAR,TRACK
157,KZM.ACC.12.2022,3/27/22 12:00,KZM YARD,,,,BC21,9021,LOCO FAILURE,,DBV PROBLEM,ROLLING STOCK
158,KLO.ACC.04.2022,3/27/22 10:40,KLO YARD,,,,YD11,9012,DEAD BODY FOUND ON TRAIN,,NATURAL DEATH,NONE
159,DSM.ACC.12.2022,3/27/22 9:55,DSM STN,,,,O11,9018,PASSENGER PASSED AWAY,,NATURAL DEATH,NONE
160,KID.ACC.08.2022,3/27/22 2:50,,10310,,B-MZZ-KID,BC51,9013,LOCO FAILURE,,MECHANICAL,ROLLING STOCK
161,FLA.ACC.04.2022,3/26/22 21:20,FLA STN,,,,Z611,9016,DERAILMENT IN YARD,,WEAK TRACK FORMATION,TRACK
162,RUV.ACC.04.2022,3/25/22 17:30,RUV STN YARD,,,,B371,88U10,LOCO FAILURE,,POWER GROUND FAULT,ROLLING STOCK
163,KZM.ACC.10.2022,3/25/22 10:10,,11213.9,11214.1,E-KZM-LUC,B231,88U06,DERAILMENT,,JERKING,
164,USK.ACC.01.2022,3/25/22 8:40,,10906.8,10906.9,E-USK-URM,Q961,9010/9019,MOTOR VEHICLE KNOCKED TRAIN,,CARELESS OF MOTOR VEHICLE DRIVER,HUMAN ERROR
165,MLP.ACC.02.2022,3/24/22 20:50,MLP STN,,,,D271,9016,LOCO FAILURE,,EXCESSIVE WHEEL SLIP,ROLLING STOCK
166,KMT.ACC.11.2022,3/24/22 19:22,SHAURIMOYO LXING,,,,F164,88U02,MOTOR VEHICLE KNOCKED TRAIN,,CARELESS OF MOTOR VEHICLE DRIVER,
167,MAI.ACC.12.2022,3/24/22 18:05,MAI YARD,,,,S/E,64U07,DERAILMENT IN YARD,,TO BE STATED,
168,KZM.ACC.09.2022,3/24/22 16:15,,11191,,E-KZM-LUC,B211,9008,LOCO FAILURE,,EXCESSIVE WHEEL SLIP,ROLLING STOCK
169,PJI.ACC.05.2022,3/23/22 20:10,,10035.2,,A-PUG-PJI,H341,88U10/88U14,TRAIN DIVISION,,LOOSE COUPLINE,
170,MAI.ACC.11.2022,3/22/22 21:30,DAR PORT,,,,S/E,64U03,CROSS MEMBER OFF POSITION,,PUSHED BY PORT FOLK LIFT,HUMAN ERROR
171,MAI.ACC.10.22,3/22/22 14:00,DSM PORT,,,,,,WATER PASSED OVER THE TRACK,,WATER FLOW OVER THE TRACK,NONE
172,MAI.ACC.09.2022,3/22/22 13:43,KUN SIDING,,,,,,SAND COVERED OVER THE TRACK,,SAND COVERED ON THE TRACK,NONE
173,MSO.ACC.03.2022,3/22/22 13:30,,12375,,D-FLA-MSO,H53,88U06,MOTOR CYCLE KNOCKED TRAIN,,NEGLIGENCY,HUMAN ERROR
174,PON.ACC.04.2022,3/22/22 6:15,,14020.8,,M-PON-NGI,650,8801,LOCO FAILURE,,SHUT DOWN,
175,TBR.ACC.12.2022,3/21/22 19:00,TBR YARD,,,,B12,9022,DERAILMENT IN YARD,,TO BE STATED,
176,PON.ACC.03.2022,3/21/22 15:30,,14022.7,14019.8,M-PON-NGI,W371,9015,DERAILMENT,,MECHANICAL DEFECTS,ROLLING STOCK
177,UGE.ACC.06.2022,3/21/22 11:05,,11036.7,11036.3,E-USG-NUR,Y421,9018/9004,DERAILMENT,,OVER SPEEDING,
178,MUH.ACC.03.2022,3/20/22 17:00,,14030.1,14030.4,M-NGI-MUH,BC21,9007,DERAILMENT,,JERKING,HUMAN ERROR
179,NUR.ACC.01.2022,3/20/22 10:35,,11064,11063.2,E-NUR-MAL,Y421,9018/9004,DERAILMENT,,BRAKE BEAM DROPPED,ROLLING STOCK
180,DSM.ACC.10.2022,3/20/22 10:00,DSM STN,,,,O11,9021,BABY DEATH IN TRAIN,,NATURAL DEATH,NONE
181,DSM.ACC.09.2022,3/20/22 9:50,DSM STN,,,,S/E,8825,DERAILMENT IN YARD,,TO BE STATED,
182,LLU.ACC.01.2022,3/20/22 8:45,,10876.5,,E-LLU-MBM,,,BROKEN/BUCKLED RAIL,,TEAR AND WEAR,TRACK
183,KGM.ACC.07.2022,3/20/22 1:00,,11247.4,11247.5,E-LUC-KGM,,,GATE KNOCKED BY MOTORCYCLE,,NEGLIGENCY OF MOTOR CYCLE DRIVER,HUMAN ERROR
184,GGD.ACC.30.2022,3/19/22 18:05,,10349.4,10349.5,B-GGD-GLW,,,WATER PASSED OVER THE TRACK,,HEAVY RAIN,NONE
185,MPN.ACC.07.2022,3/19/22 8:00,,19193.8,19193.9,E1-KTB-MPN,,,BROKEN/BUCKLED RAIL,,TEAR AND WEAR,TRACK
186,ILU.ACC.01.2022,3/19/22 7:30,ILU STN,,,,,,MISSING BOLTS AND NUTS ON RAIL,,SUSPECTED STOLEN,
187,MOS.ACC.02.2022,3/18/22 18:30,,14338.6,,M-KHE-MOS,,,TRACK INTERFERENCE,,TANESCO WIRE FALL ON THE TRACK,NONE
188,DSM.ACC.08.2022,3/18/22 11:40,NKURUMA CROSSING,,,,TRIP,64U03,DERAILMENT,,TO BE STATED,
189,MUP.ACC.04.2022,3/18/22 10:25,,10537,,C-KKU-MUP,BD16,9023,LOCO FAILURE,,HEAVY BLACK SMOKE AND ABNORMAL SOUND,ROLLING STOCK
190,GGD.ACC.29.2022,3/17/22 18:25,,10349.8,10349.4,B-GGD-GLW,,,WATER PASSING OVER THE TRACK,,HEAVY RAIN,NONE
191,GGD.ACC.28.2022,3/16/22 17:30,,10349.8,,B-GGD-GLW,,,WATER PASSING OVER THE TRACK,,HEAVY RAIN,
192,MAN.ACC.03.2022,3/16/22 12:58,,10588.7,,C-MAN-AGH,X331,88U10,LOCO FAILURE,,MECHANICAL,
193,MLM.ACC.01.2022,3/16/22 12:00,,13062.7,13062.5,L-GDA-MLM,AT41,9013,DERAILMENT,,JERKING,HUMAN ERROR
194,PJI.ACC.04.2022,3/16/22 6:10,,10033.3,,A-PUG-PJI,B251,9010,LOCO FAILURE,,MECHANICAL,ROLLING STOCK
195,MUH.ACC.02.2022,3/14/22 18:25,KUH YARD,14055,,M-KUH-MZU,W321,9015,LOCO FAILURE,,EXCESSIVE WHEEL SLIP,ROLLING STOCK
196,MYB.ACC.02.2022,3/14/22 12:50,MYB YARD,,,,W321,9015,LOCO FAILURE,,EXCESSIVE WHEEL SLIP,ROLLING STOCK
197,ISK.ACC.01.2022,3/14/22 9:00,,12120.5,,D-MHN-ISK,C351,9017,LOCO FAILURE,,EXCESSIVE WHEEL SLIP,ROLLING STOCK
198,FLA.ACC.02.22,3/14/22 6:20,,12324,,D-BWA-MTE,A411,9018,LOCO FAILURE,,EXCESSIVE WHEEL SLIP,ROLLING STOCK
199,MAN.ACC.02.2022,3/13/22 23:36,,10584.8,,C-SAD-MAN,V924,9008,MOTOR VEHICLE KNOCKED TRAIN,,NEGLIGENCY,HUMAN ERROR
200,HUA.ACC.03.2022,3/13/22 6:55,,10442,,B-HUA-DOM,C351,9017,LOCO FAILURE,,SAND COVERED ON THE TRACK,NONE
201,MZU.ACC.02.2022,3/12/22 16:25,,14047.8,,M-MUH-KUH,M7A,9007,LOCO FAILURE,,POOR PULLING POWER,ROLLING STOCK
202,MUH.ACC.01.2022,3/12/22 13:35,,14037.5,14037.6,M-NGI-MUH,M7A,9007,TRACK INTERFERENCE,,SABOTAGE,NONE
203,SAD.ACC.01.2022,3/12/22 10:10,,10557,10556,C-MUP-SAD,A411,9008,LOCO FAILURE,,WET/GRASS,NONE
204,LAB.ACC.04.2022,3/12/22 9:20,UBUNGO SIDING,,,,F311,88U02,POINTS RUN THROUGH,,TO BE STATED,
205,GGD.ACC.27.2022,3/8/22 20:00,,10349.7,10349.4,B-GGD-GLW,,,WATER PASSING OVER THE TRACK,,HEAVY RAIN,NONE
206,GGD.ACC.26.2022,3/6/22 19:15,,10349.7,10349.4,B-GGD-GLW,,,WATER PASSING OVER THE TRACK,,HEAVY RAIN,NONE
207,FLA.ACC.01.2022,3/3/22 14:00,,12345,12346.1,D-MTE-FLA,H761,9019,CAPSIZEMENT,,JERKING,HUMAN ERROR
208,MOR.ACC.03.2022,3/2/22 11:35,,10199.5,,A-KIM-MOR,V941,88U10/U02,LOCO FAILURE,,GROUND FAULT,ROLLING STOCK
209,KIM.ACC.03.2022,3/2/22 5:00,,10183.8,,A-MIK-KIM,E941,8805,LOCO FAILURE,,HOT ENGINE,ROLLING STOCK
210,MOS.ACC.01.2022,3/1/22 14:20,MOS STN,,,,I13,9020,LOCO FAILURE,,WATER LEAKAGE,ROLLING STOCK
211,GGD.ACC.25.2022,2/28/22 16:30,,10349.4,,B-GGD-GLW,,,WATER PASSED OVER THE TRACK,,HEAVY RAIN,NONE
212,GGD.ACC.24.2022,2/27/22 22:30,,10349.7,10349.5,B-GGD-GLW,,,WATER PASSING OVER THE TRACK,,HEAVY RAIN,NONE
213,MPN.ACC.05.2022,2/27/22 17:10,,19204.3,19204.2,E1-KTB-MPN,N52,9008,DERAILMENT,,MECHANICAL DEFECTS,ROLLING STOCK
214,MNYAMANI.ACC.01.2022,2/26/22 9:20,,10007.6,,A-LAL-PUG,,,BROKEN/BUCKLED RAIL,,TEAR AND WEAR,TRACK
215,RVJ.ACC.04.2022,2/26/22 8:00,,13171.5,,L-UGW-RVJ,,,BROKEN/BUCKLED RAIL,,TEAR AND WEAR,TRACK
216,KGM.ACC.06.2022,2/24/22 11:55,,11241.7,,E-LUC-KGM,BC61,9008,LOCO FAILURE,,EXCESSIVE WHEEL SLIP,ROLLING STOCK
217,MZU.ACC.01.2022,2/24/22 10:10,,13063.2,,L-GDA-MLM,D351,88U02,LOCO FAILURE,,EXCESSIVE WHEEL SLIP,ROLLING STOCK
218,KID.ACC.07.2022,2/24/22 6:00,,10325.4,10325.3,B-KID-GGD,,,LATTICE GIRDER BRIDGE FALL DOWN,,HEAVY RAIN,NONE
219,KID.ACC.06.2022,2/24/22 5:35,,10313.2,10313.3,B-MZZ-KID,A311,,WATER PASSING OVER THE TRACK,,HEAVY RAIN,NONE
220,GGD.ACC.23.2022,2/24/22 4:45,,10349.4,10349.8,B-GGD-GLW,,,WATER PASSING OVER TRACK,,HEAVY RAIN,NONE
221,GGD.ACC.22.2022,2/24/22 4:30,,10338.4,10338.5,B-KID-GGD,,,WATER PASSED OVER THE TRACK,,HEAVY RAIN,NONE
222,TBR.ACC.11.2022,2/24/22 1:45,,10854.6,,E-TBR-LLU,,,BROKEN/BUCKLED RAIL,,TEAR AND WEAR,TRACK
223,MUH.ACC.13.2022,2/23/22 18:35,,14045.9,,M-MUH-KUH,D351,8U02,LOCO FAILURE,,HEAVY RAIN,NONE
224,GGD.ACC.21.2022,2/23/22 10:40,,10349.4,,B-GGD-GLW,,,WATER PASSING OVER  THE TRACK,,HEAVY RAIN,NONE
225,DSM.ACC.06.22,2/22/22 14:45,LXING MSIMBAZI,,,,,,BROKEN/BUCKLED RAIL,,TEAR AND WEAR,TRACK
226,KZM.ACC.07.2022,2/20/22 21:00,,11212,112148,E-KZM-LUC,Y621,88U14,DERAILMENT,,JERKING,HUMAN ERROR
227,RVJ.ACC.03.2022,2/20/22 18:15,,13159.4,13159.6,L-UGW-RVJ,D311,88U10,DERAILMENT,,VARIATION OF CANT AND VERSINE,TRACK
228,LAL.ACC.02.22,2/20/22 13:30,LAL STN,,,,S/E,8826,LOCO FAILURE,,MECHANICAL,ROLLING STOCK
229,KZM.ACC.06.2022,2/20/22 13:20,,11199.8,,E-KZM-LUC,B251,9006,LOCO FAILURE,,MECHANICAL,
230,GGD.ACC.20.2022,2/20/22 2:00,,10349.7,,B-GGD-GLW,,,WATER PASSING OVER THE TRACK,,HEAVY RAIN,
231,GGD.ACC.19.2022,2/19/22 22:55,,10338.4,,B-KID-GGD,,,WATER PASSING OVER THE TRACK,,HEAVY RAIN,
232,MAI.ACC.07.22,2/19/22 19:00,MAI PORT,,,,J311,9023,DERAILMENT IN YARD,,BROKEN RAIL,
233,TBR.ACC.10.2022,2/19/22 17:10,LOCO SHED,,,,HDT 10,,DERAILMENT IN YARD,,HALF WAY SET OF POINTS,HUMAN ERROR
234,KID.ACC.04.2022,2/19/22 5:00,,10315,10315.1,B-MZZ-KID,,,WASH AWAY,,HEAVY RAIN,
235,MKS.ACC.02.2022,2/18/22 23:20,,14179.8,14180.3,M-BKO-HDU,,,WASH AWAY,,HEAVY RAIN,
236,MAL.ACC.01.2022,2/18/22 19:00,,11090,,E-MAL-UVZ,,,SAND COVERED THE TRACK,,HEAVY RAIN,NONE
237,TBR.ACC.09.2022,2/18/22 17:00,TBR STN,,,,,,DERAILMENT IN YARD,,MECHANICAL,ROLLING STOCK
238,MKA.ACC.01.2022,2/18/22 7:40,,10235,,B-MBU-MKA,,,WASH AWAY,,HEAVY RAIN,
239,GGD.ACC.18.2022,2/17/22 23:00,,10349.4,,B-GGD-GLW,,,WATER PASSED OVER THE TRACK,,HEAVY RAIN,
240,KID.ACC.03.22,2/17/22 16:50,,10323.4,,B-MZZ-KID,BD16,9004,TRAIN KNOCKED STONE,,DROPPED STONE,
241,MAI.ACC.07.2022,2/17/22 14:00,MAI STN,,,,S/E,64U07,LOCO FAILURE,,MECHANICAL,
242,DSM.ACC.06.2022,2/17/22 7:28,,,,,R161,9019,MOTOR VEHICLE KNOCKED TRAIN,,CARELESS OF MOTOR VEHICLE DRIVER,
243,LAB.ACC.03.2022,2/17/22 7:02,,10004.9,,A-LAL-PUG,J161 and R161,88U02 nd 9019,COLLISION,INJURY,NEGLIGENCY,
244,GGD.ACC.17.2022,2/16/22 10:40,,10349.4,10349.5,B-GGD-GLW,,,WASH AWAY,,HEAVY RAIN,
245,TBR.ACC.08.2022,2/16/22 9:00,,10850.2,10850.3,E-TBR-LLU,,,WASH AWAY,,HEAVY RAIN,NONE
246,UGR.ACC.06.2022,2/15/22 21:45,,19096.5,19096.6,E1-LME-UGR,N54,9006,DERAILMENT,,JERKING,HUMAN ERROR
247,MAI.ACC.05.2022,2/15/22 21:35,T2 MAIN LINE,,,,TRIP,64U07,DERAILMENT IN YARD,,BROKEN RAIL,TRACK
248,KGM.ACC.05.2022,2/15/22 19:25,,11228,11227.5,E-KZM-LUC,Y641,9015,LOCO FAILURE,,MECHANICAL,
249,MUP.ACC.02.2022,2/15/22 3:50,,10552,,C-MUP-SAD,BC BC41,88U06,EXCESSIVE WHEEL SLIP,,WET TRACK,TRACK
250,MAI.ACC.05.22,2/14/22 22:00,SCANNER LINE,,,,64U07,64U07,DERAILMENT IN SIDING,,SINKAGE OF TRACK DUE TO POOR SIDE DRAINAGES,TRACK
251,FLA.ACC.02.2022,2/14/22 15:00,,12345.7,,D-MTE-FLA,,,WASH AWAY,,HEAVY RAIN,
252,KID.ACC.03.2022,2/14/22 9:25,,10308.7,,B-MGA-MZZ,BC41,U06,LOCO FAILURE,,MECHANICAL,ROLLING STOCK
253,GGD.ACC.16.2022,2/14/22 8:10,,,,,,,WASH AWAY,,HEAVY RAIN,
254,WMI.ACC.02.2022,2/14/22 4:00,,13110.7,,L-MVE-WMI,E931,8801,LOCO FAILURE,,MECHANICAL,ROLLING STOCK
255,DOM.ACC.01.22,2/13/22 23:00,,10453.8,10453.6,B-HUA-DOM,Y371,9024,MOTOR VEHICLE KNOCKED TRAIN,INJURY,NEGLIGENCY OF MOTOR VEHICLE DRIVER,
256,MAI.ACC.04.2022,2/13/22 20:50,SCANNER LINE,,,,TRIP,9019,DERAILMENT IN YARD,,BAD CROSS LEVEL,TRACK
257,MBO.ACC.01.2022,2/12/22 23:10,,14112.2,14112.9,M-MRI-MKY,,,WASH AWAY,,HEAVY RAIN,
258,MKY.ACC.01.2022,2/12/22 23:10,,14112.2,14112.9,M-MRI-MKY,,,WASH AWAY,,HEAVY RAIN,NONE
259,GGD.ACC.15.2022,2/12/22 14:00,,,,,,,WASH AWAY,,HEAVY RAIN,
260,KZM.ACC.04.2022,2/11/22 15:20,,11224.4,11224.3,E-KZM-LUC,BC 61,9017,DERAILMENT,,JERKING,HUMAN ERROR
261,MUP.ACC.02.22,2/10/22 14:45,,10552,,C-MUP-SAD,E961,64U02,LOCO FAILURE,,,ROLLING STOCK
262,MPN.ACC.04.2022,2/10/22 14:45,,19179.5,,E1-KTB-MPN,,,BROKEN/BUCKLED RAIL,,TEAR AND WEAR,TRACK
263,KZM.ACC.03.2022,2/10/22 12:30,KZM STN,,,,B221,88U14,LOCO FAILURE,,MECHANICAL,ROLLING STOCK
264,KID.ACC.02.2022,2/10/22 9:00,,10306.4,,B-MGA-MZZ,,,WASH AWAY,,HEAVY RAIN,
265,UGR.ACC.09.2022,2/10/22 8:00,,19115.7,19115.8,E1-UGR-KTB,,,BROKEN/BUCKLED RAIL,,TEAR AND WEAR,TRACK
266,KLO.ACC.02.2022,2/10/22 5:00,,10293.9,10294.2,B-KLO-MGA,,,WASH AWAY,,HEAVY RAIN,
267,ZZU.ACC.04.2022,2/9/22 18:10,,10482.9,,C-ZZU-KGE,,,WASH AWAY,,HEAVY RAIN,
268,GGD.ACC.13.2022,2/9/22 18:10,,10349.4,10349.7,B-GGD-GLW,,,WATER PASSING OVER THE TRACK,,HEAVY RAIN,
269,KOL.ACC.03.2022,2/7/22 16:45,KOL STN,,,,C331,9015,CAPSIZEMENT,,OVER SPEED AND SUDDEN APPLICATION OF BRAKE,HUMAN ERROR
270,AGH,2/7/22 5:30,AGH STN,,,,,,POINT CONNECTING ROD NO 2 BENT,,HANGING PART ON WAGON,TRACK
271,UGR.ACC.04.2022,2/7/22 0:35,,19108.6,,E1-LME-UGR,N54,9021,DERAILMENT,,WEAK TRACK FORMATION,TRACK
272,GGD.ACC.12.2022,2/6/22 23:25,,10349.7,10349.3,B-GGD-GLW,,,WASH AWAY,,HEAVY RAIN,
273,KIM.ACC.02.2022,2/6/22 22:20,,10176.3,10176.4,A-MIK-KIM,,,WATER PASSING OVER THE TRACK,,HEAVY RAIN,
274,KLO.ACC.01.2022,2/6/22 18:00,,10290,10290.7,B-KLO-MGA,YD11,9008,COACHES WINDOW CLARK,,HEAVY RAIN,NONE
275,KAT.ACC.04.2022,2/6/22 16:40,,10010.1,,A-LAL-PUG,V721,9024,PERSON KNOCKED TRAIN,DEATH,CARELESS OF TRESSPESSER,
276,GGD.ACC.11.2022,2/6/22 16:30,,10349.6,10349.7,B-GGD-GLW,,,WATER PASSING OVER THE TRACK,,HEAVY RAIN,
277,LAL.ACC.02.2022,2/6/22 0:00,,,,,,,DERAILMENT IN YARD,,WAGON RUN AWAY,
278,KGM.ACC.04.2022,2/5/22 20:40,,11239.2,,E-LUC-KGM,BC12,9017,EXCESSIVE SLIP,,HEAVY RAIN,
279,PJI.ACC.03.2022,2/5/22 7:10,,10021.6,,A-PUG-PJI,,,WATER PASSING OVER THE TRACK,,HEAVY RAIN,
280,MIK.ACC.02.2022,2/5/22 2:20,,10176.3,10176.4,A-MIK-KIM,,,WATER PASSING OVER THE TRACK,,HEAVY RAIN,
281,TBR.ACC.06.22,2/4/22 15:00,TBR STN,,,,BD16,9022,DERAILMENT IN YARD,,POINTS UNLOCKED,HUMAN ERROR
282,GGD.ACC.10.2022,2/4/22 14:00,,10349.7,10349.5,B-GGD-GLW,,,WATER PASSING OVER THE TRACK,,HEAVY RAIN,
283,UVZ.ACC.01.2022,2/3/22 23:15,,11162.9,,E-UVZ-KZM,IMT 5,IMT 5,TROLLEY FAILURE,,MECHANICAL,ROLLING STOCK
284,GDA.ACC.03.2022,2/3/22 18:00,,13038.7,,L-MYB-GDA,BC61,9012,EXCESSIVE WHEEL SLIP,,HEAVY RAIN,
285,UGR.ACC.03.2022,2/2/22 19:00,,19183.7,,E1-KTB-MPN,,,BIG STONE FELT ON THE TRACK,,HEAVY RAIN,NONE
286,GGD.ACC.09.2022,2/2/22 18:30,,10349.7,10349.5,B-GGD-GLW,,,WATER PASSING OVER THE TRACK,,HEAVY RAIN,
287,MOR.ACC.01.2022,2/2/22 8:40,,10214.5,10214.8,B-MOR-MBU,,,WATER PASSED OVER THE TRACK,,HEAVY RAIN,
288,NGR.ACC.03.2022,2/1/22 23:30,,10170,,A-KIO-MIK,,,WATER PASSING OVER THE TRACK,,HEAVY RAIN,
289,GGD.ACC.08.2022,2/1/22 19:00,,10349.7,10349.5,B-GGD-GLW,,,WASH AWAY,,HEAVY RAIN,
290,PJI.ACC.02.2022,2/1/22 17:30,,10023.5,,A-PUG-PJI,C331,88U08,LOCO FAILURE,,MECHANICAL,ROLLING STOCK
291,DSM.ACC.05.2022,2/1/22 16:00,KAMATA LEVEL CROSSING,,,,TRIP,7314,DERAILMENT,,DEFECTIVE WAGON,
292,KGM.ACC.03.2022,2/1/22 13:15,,11238.9,,E-LUC-KGM,B221,9008,EXCESSIVE SLIP,,HEAVY RAIN,
293,TBR.ACC.06.2022,2/1/22 10:30,,10860,,E-TBR-LLU,,,BROKEN/BUCKLED RAIL,,TEAR AND WEAR,TRACK
294,ZZU.ACC.03.2022,2/1/22 8:20,,10882.6,10883,E-MBM-USK,,,WATER PASSING OVER THE TRACK,,HEAVY RAIN,NONE
295,PUG.ACC.01.2022,2/1/22 1:05,PUG STN,,,,C331,88U08,LOCO FAILURE,,MECHANICAL,ROLLING STOCK
296,GGD.ACC.07.2022,1/31/22 18:00,,10349.8,10349.5,B-GGD-GLW,,,WATER PASSING OVER THE TRACK,,HEAVY RAIN,
297,URM.ACC.01.2022,1/31/22 11:00,,10883.2,,E-MBM-USK,,,BROKEN/BUCKLED RAIL,,TEAR AND WEAR,TRACK
298,MPN.ACC.03.2022,1/31/22 9:00,,19180.8,19180.9,E1-KTB-MPN,,,BROKEN/BUCKLED RAIL,,TEAR AND WEAR,TRACK
299,KID.ACC.01.2022,1/31/22 1:35,,10323.4,10323.7,B-MZZ-KID,B12,9024,DERAILMENT,,BOLDERS FALL DOWN,
300,RVJ.ACC.02.2022,1/30/22 7:50,,13178.6,,L-UGW-RVJ,,,WASH AWAY,,HEAVY RAIN,
301,MID.ACC.02.2022,1/30/22 7:30,,10104.3,10108.3,A-KWB-MSU,,,WASH AWAY,,HEAVY RAIN,
302,MUP.ACC.01.2022,1/27/22 23:15,,10552.2,,C-MUP-SAD,BD16,9008,EXCESSIVE WHEEL SLIP,,HEAVY RAIN,
303,MPN.ACC.02.2022,1/26/22 9:45,,19205.3,19204.4,E1-KTB-MPN,,,BROKEN/BUCKLED RAIL,,TEAR AND WEAR,TRACK
304,KGM.ACC.01.2022,1/25/22 23:40,,11242.6,,E-LUC-KGM,Y641,9022,DERAILMENT,,SWIVAL BOLT BROKEN,
305,UGR.ACC.02.2022,1/25/22 21:20,UGR STN,,,,N54,9017,NATURAL DEATH,,TO BE STATED,
306,DSM.ACC.04.2022,1/25/22 9:00,,10001.7,,A-MAI-LAL,,,BROKEN/BUCKLED RAIL,,TEAR AND WEAR,TRACK
307,KOR.ACC.01.2022,1/23/22 18:00,,14084.6,14085,M-KOR-MRI,M7A,9010,DERAILMENT,,SHARP FLANGE,ROLLING STOCK
308,GGD.ACC.05.2022,1/23/22 7:30,,10349.4,10349.6,B-GGD-GLW,,,SAND COVERED OVER TRACK,,HEAVY RAINY,TRACK
309,LME.ACC.01.2022,1/23/22 1:40,,19040.5,19040.6,E1-KUA-LME,G51,9017,DERAILMENT,,WEAK TRACK FORMATION,TRACK
310,PUG.ACC.02.2022,1/22/22 5:25,,10015.2,,A-LAL-PUG,C311,9015,PERSON KNOCKED TRAIN,,NEGLIGENCY,NONE
311,GGD.ACC.04.2022,1/22/22 1:00,,10349,10349.4,B-GGD-GLW,,,WASH AWAY,,HEAVY RAINY,
312,ITG.ACC.01.2022,1/21/22 11:00,,10638.9,10639,C-ITG-KTA,660,9016,PERSON KNOCKED TRAIN,DEATH,NEGLIGENCY OF TRESSPASSER,
313,MKS.ACC.01.2022,1/21/22 10:00,,10176.2,10180.4,A-MIK-KIM,,,WASH AWAY,,HEAVY RAIN,
314,GGD.ACC.03.2022,1/20/22 20:30,,10349.4,,B-GGD-GLW,,,WASH AWAY,,HEAVY RAIN,
315,ARS.ACC.02.2022,1/19/22 21:47,,15044.2,,MQ-KUL-USR,,,BIG TREE FELT ON THE TRACK,,HEAVY RAIN,
316,KAT.ACC.03.2022,1/19/22 17:15,,10013.1,10030,A-LAL-PUG,R154,9019,MOTOR VEHICLE KNOCKED TRAIN,DEATH&INJURY,NEGLIGENCY OF BUS DRIVER,
317,GGD.ACC.02.2022,1/19/22 3:30,,10349.7,10349.5,B-GGD-GLW,,,SAND COVERED OVER THE TRACK,,HEAVY RAIN,NONE
318,MZA.ACC.02.22,1/19/22 0:00,MZA YARD,,,,,,DERAILMENT IN YARD,,ROTTEN TIMBER SLEEPERS,TRACK
319,MYB.ACC.01.2022,1/16/22 12:50,,13038.3,,L-MYB-GDA,650,9010,DERAILMENT,,WEAK TRACK FORMATION,TRACK
320,UGR.ACC.01.2022,1/16/22 8:53,,19109.5,,E1-LME-UGR,,HDTC 2,DERAILMENT,,RAIL BUCKLED,
321,WMI.ACC.01.2022,1/16/22 4:00,,13088,,L-MLM-MVE,O11,9022,CAPSIZEMENT,DEATH&INJURY,CARELESS OF TRAIN STAFFS,
322,LAB.ACC.02.2022,1/15/22 1:05,UGO SDG,,,,J311,9006,DOOR KNOCKED THE GATE,,TO BE STATED,
323,KGX.ACC.01.2022,1/13/22 13:20,,10654.7,10655.1,C-KTA-KKZ,B311,88U10,CAPSIZEMENT,,JERKING,
324,MID.ACC.01.2022,1/13/22 3:00,,10134.4,,A-KDG-NGR,V961,9010,ELEPHANT KNOCKED A TRAIN,,TO BE STATED,
325,MSO.ACC.02.2022,1/12/22 23:00,,12361.5,,D-FLA-MSO,D251,9024,LOCO FAILURE,,HEAVY RAIN,ROLLING STOCK
326,DOM.ACC.01.2022,1/12/22 13:00,DOM STN,,,,BANKER,9015,LOCO FAILURE,,MECHANICAL DEFECTS,ROLLING STOCK
327,KAT.ACC.01.2022,1/12/22 11:40,DSM STN,,,,,,ELECTRIC SHORT CIRCUIT,,POLE KNOCKED BY ROAD BUS,
328,LAB.ACC.01.22,1/11/22 14:45,UGO SDG,,,,J341,88U07,DERAILMENT,,UNEVEN LOADING,HUMAN ERROR
329,NGR.ACC.01.2022,1/10/22 1:50,NGR STN,,,,V952,88U06,LOCO FAILURE,,MECHANICAL DEFECTS,ROLLING STOCK
330,MZA.ACC.01.2022,1/9/22 18:00,MZA STN,,,,S/E,"64U01






u01",DERAILMENT IN YARD,,TO BE STATED,
331,TBR.ACC.04.2022,1/9/22 8:15,,10837.3,,C-ILU-TBR,,,WASH AWAY,,WATER FLOW OVER THE TRACK,NONE
332,RUV.ACC.02.2022,1/9/22 1:50,RUV STN,,,,D251,88U06,LOCO FAILURE,,MECHANICAL DEFECTS,ROLLING STOCK
333,TBR.ACC.03.2022,1/7/22 17:30,,12012.5,,D-TBR-KOL,,,BROKEN/BUCKLED RAIL,,BUCKLED RAIL,TRACK
334,DSM.ACC.03.2022,1/7/22 10:15,DSM STN,,,,S/E,64U06,LOCO FAILURE,,MECHANICAL DEFECTS,ROLLING STOCK
335,MOR.ACC.05.2022,1/6/22 22:30,,10208.9,,B-MOR-MBU,B251,9004,MECHANICAL DEFECTS,,POOR BRAKE ON THE RAKE,ROLLING STOCK
336,KZM.ACC.02.2021,1/6/22 21:00,KZM STN,,,,B221,9017,MECHANICAL DEFECTS,,PCS PROBLEM,ROLLING STOCK
337,GDA.ACC.01.2022,1/6/22 14:20,GDA STN,,,,D251,9010,LOCO FAILURE,,POOR PULLING POWER,ROLLING STOCK
338,MZA.ACC.02.2022,1/6/22 13:00,MZA STN,,,,S/E,64U01,DERAILMENT IN YARD,,WEAK FORMATION,
339,PUG.ACC.01.2021,1/5/22 23:35,PUG STN,,,,B451,9004,LOCO FAILURE,,MECHANICAL,ROLLING STOCK
340,KIM.ACC.01.2022,1/5/22 7:55,,10162,,A-KIO-MIK,B251,88U08/06,LOCO FAILURE,,EXCESSIVE WHEEL SLIP,ROLLING STOCK
341,LAB.ACC.01.2022,1/4/22 23:00,,10010,,A-LAL-PUG,,,TRACK INTERFERENCE,,ELECTRICAL WIRE HANGING,NONE
342,SOG.ACC.01.2022,1/4/22 7:30,,10056,,A-SOG-NTA,,,DEAD BODY FOUND ON THE TRACK,,TO BE STATED,NONE
343,TBR.ACC.02.2022,1/4/22 2:40,,12000,12017,D-TBR-KOL,H54,88U16,DERAILMENT,,BUCKLED RAIL,TRACK
344,LUC.ACC.01.2022,1/3/22 17:15,,11234,,E-LUC-KGM,B271,9012,LOCO FAILURE,,EXCESSIVE WHEEL SLIP,ROLLING STOCK
345,MAN.ACC.01.2022,1/3/22 12:00,MAN STN,,,,Z311,9004,LOCO FAILURE,,POOR BRAKE,ROLLING STOCK
346,TBR.ACC.01.2022,1/2/22 16:20,KOL STN,,,,Z311,9014,LOCO FAILURE,,MECHANICAL DEFECTS,ROLLING STOCK
347,MSO.ACC.01.2022,1/1/22 16:00,MSO STN,,,,S/E,64U01,HALF CAPSIZEMENT,,WIDE GAUGE,
348,KZM.ACC.01.2022,1/1/22 9:45,KZM STN,,,,YD11,9004,DERAILMENT IN YARD,,UNKNOWN OBJECT FALL FROM WAGON AND WHEEL MOUNTED,
349,MAI.ACC.01.2022,1/1/22 9:10,KUN SDG,,,,S/E,9024,DERAILMENT IN SIDING,,SABOTAGE,
350,KBO.ACC.01.2022,1/1/22 8:00,,10393.3,393.9,B-MSG-IGD,,,WASH AWAY,,HEAVY RAIN,NONE
351,GGD.ACC.01.2022,1/1/22 6:00,,10349.9,10349.5,B-GGD-GLW,,,WATER PASSING OVER THE TRACK,,HEAVY RAIN,TRACK
352,BWA.ACC.01.2021,1/1/22 1:10,,12224.4,12228,D-SWA-SKE,D241,9014,LOCO FAILURE,,HEAVY RAIN,ROLLING STOCK
353,KGM.ACC.51.2021,12/31/21 14:00,KGM STN,,,,PGT 02,PGT 02,DERAILMENT IN YARD,,SABOTAGE,
354,TBR.ACC.49.2021,12/30/21 10:50,TBR STN,,,,S/E,64U07,DERAILMENT IN YARD,,ROTTEN TIMBER SLEEPERS,TRACK
355,KIM.ACC.13.21,12/30/21 4:50,,10160.8,,A-KIO-MIK,B251,88U16/88U10,LOCO FAILURE,,MECHANICAL,ROLLING STOCK
356,DSM.ACC.25.2021,12/29/21 17:55,GOLD STAR LEVEL CROSSING,,,,S/E,64U05,DERAILMENT IN YARD,,TO BE STATED,
357,PUG.ACC.14.2021,12/29/21 12:30,,10029.3,,A-PUG-PJI,B251, 88U10,LOCO FAILURE,,MECHANICAL,ROLLING STOCK
358,MBO.ACC.32.2021,12/29/21 11:00,,14126.9,14126.7,M-MKY-MBO,,,DEAD BODY FOUND ON THE TRACK,,,
359,MSO.ACC.06.2021,12/28/21 17:30,MSO STN,,,,S/E,9002,DERAILMENT IN YARD,,TO BE STATED,
360,KUA.ACC.25.2021,12/28/21 13:15,KUA STN,,,,G54,9015,DERAILMENT IN YARD,,MECHANICAL,
361,LAL.ACC.46.2021,12/28/21 10:05,LAL STN,,,,S/E,8826,DERAILMENT IN YARD,,TO BE STATED,
362,TBR.ACC.48.21,12/28/21 4:30,TBR STN,,,,G54,9019,LOCO FAILURE,,MECHANICAL,ROLLING STOCK
363,BWA.ACC.09.2021,12/27/21 22:10,,12286,,D-MLA-BWA,A411,9002,LOCO FAILURE,,MECHANICAL,ROLLING STOCK
364,URM.ACC.18.2021,12/26/21 7:30,,10845,,E-TBR-LLU,,,BROKEN/BUCKLED RAIL,,TO BE STATED,TRACK
365,LAL.ACC.45.2021,12/25/21 9:10,LAL STN,,,,S/E,64U06,LOCO FAILURE,,POOR PULLING POWER,ROLLING STOCK
366,LLU.ACC.40.2021,12/24/21 7:05,10869.4,10869.5,,E-LLU-MBM,,,BROKEN/BUCKLED RAIL,,TEAR AND WEAR,TRACK
367,TBR.ACC.48.2021,12/24/21 1:00,TBR STN,,,,Z361,9007,LOCO FAILURE,,PRESSURE PROBLEM,ROLLING STOCK
368,ARS.ACC.04.2021,12/23/21 15:05,,15080.2,,MQ-USR-ARS,,,BROKEN/BUCKLED RAIL,,TO BE STATED,TRACK
369,MAI.ACC.45.2021,12/23/21 5:10,MAI STN,,,,J361,88U08,DERAILMENT IN YARD,,TO BE STATED,
370,MAN.ACC.26.2021,12/22/21 23:55,MAN STN,,,,Y14,88U06,LOCO FAILURE,,MECHANICAL DEFECTS,ROLLING STOCK
371,TBR.ACC.47.2021,12/22/21 21:40,TBR STN,,,,S/E,64U01,DERAILMENT IN YARD,,TWISTED RAIL TONGUE,TRACK
372,TBR.ACC.46.2021,12/22/21 20:40,,10854.65,10854.85,E-TBR-LLU,G55,9017,DERAILMENT,,,
373,ARS.ACC.03.2021,12/21/21 14:30,ARS YARD,,,,Q/R,9021,LOCO FAILURE,,MECHANICAL DEFECTS,ROLLING STOCK
374,MZA.ACC.02.21,12/21/21 9:20,MZA STN,,,,S/E,9017,DERAILMENT IN YARD,,WIDE GAUGE,TRACK
375,TBR.ACC.45.2021,12/21/21 8:15,,10845.3,10845.9,E-TBR-LLU,BC71,9019,AXLE WHEEL OF CCB 19272 BROKEN,,EXLE WHEEL BROKEN,ROLLING STOCK
376,MSO.ACC.10.2021,12/20/21 18:35,RTC SDG,,,,S/E,64U07,DERAILMENT,,TO BE STATED,
377,MAI.ACC.44.2021,12/20/21 16:00,KUN SDG,,,,SE,64U03,DERAILMENT IN YARD,,,
378,DOM.ACC.28.2021,12/20/21 9:40,DOM STN,,,,B211,9020,LOCO FAILURE,,MECHANICAL DEFECTS,ROLLING STOCK
379,FLA.ACC.07.2021,12/19/21 8:45,,12328,,D-MTE-FLA,A341,9008,LOCO FAILURE,,EXCESSIVE WHEEL SLIP,
380,URM.ACC.17.2021,12/18/21 19:00,URM SDG,,,,BC31,9007,DERAILMENT IN YARD,,SILTATION,TRACK
381,MUH.ACC.11.2021,12/18/21 12:30,MUH STN,,,,M7A,9016,DERAILMENT IN YARD,,,
382,SHY.ACC.08.2021,12/17/21 18:05,,12178.5,,D-USL-SHY,,,BROKEN/BUCKLED RAIL,,TEAR AND WEAR,TRACK
383,TBR.ACC.44.2021,12/17/21 16:50,,,,D-KOL-NZB,C341,9011,DERAILMENT,,TO BE STATED,
384,DSM.ACC.23.2021,12/17/21 14:10,DSM STN,,,,I17,64U06,RUNAWAY WAGONS,,TO BE STATED,
385,MIK.ACC.09.2021,12/17/21 10:10,,10158.7,,A-NGR-KIO,D241,9017/9020,LOCO FAILURE,,MECHANICAL,ROLLING STOCK
386,KZM.ACC.49.2021,12/17/21 3:10,,11158,11158.2,E-UVZ-KZM,Y661,9004/9022,DERAILMENT,,LOAD SHIFTED ON ROUTE,
387,BNE.ACC.09.2021,12/16/21 11:55,,12008.1,,D-TBR-KOL,,,BROKEN/BUCKLED RAIL,,TEAR AND WEAR,
388,MAI.ACC.56.2021,12/16/21 8:00,KUN SDG,,,,,,SAND COVERED OVER THE TRACK,,HEAVY RAIN,TRACK
389,LAL.ACC.43.2021,12/14/21 18:00,LAL STN,,,,S/E,8821,LOCO FAILURE,,TO BE STATED,
390,RVJ.ACC.19.2021,12/14/21 11:00,,13176.6,,L-UGW-RVJ,,,HOLE BETWEEN RAILS,,HEAVY RAIN,TRACK
391,WMI.ACC.27.2021,12/14/21 8:30,,13136.7,,L-WMI-UGW,,,BROKEN/BUCKLED RAIL,,TEAR AND WEAR,TRACK
392,MAN.ACC.25.2021,12/14/21 7:40,MAN STN,,,,Y321,9011,LOCO FAILURE,,MECHANICAL,ROLLING STOCK
393,PON.ACC.12.2021,12/13/21 19:40,PON STN,,,,M91,9016,DERAILMENT IN YARD,,TO BE STATED,
394,KZM.ACC.48.21,12/13/21 14:30,,11144.8,11145.4,E-UVZ-KZM,B241,9004,DERAILMENT,,BRAKE BEAM BROKEN,ROLLING STOCK
395,MAI.ACC.55.2021,12/13/21 13:20,KUN SDG,,,,SE 64U05,64U05,DERAILMENT,,TO BE STATED,
396,MAI.ACC.54.2021,12/13/21 8:00,KUN SDG,,,,,,SAND COVERED THE TRACK,,HEAVY RAIN,
397,MZO.ACC.05.2021,12/12/21 16:45,MZO STN,,,,S/E,64U07,DERAILMENT IN YARD,,WIDE GAUGE,TRACK
398,MAI.ACC.53.2021,12/12/21 8:00,KUN SDG,,,,,,SAND COVERED OVER THE TRACK,,HEAVY RAIN,NONE
399,GDA.ACC.17.2021,12/11/21 12:20,,13038.3,13038.4,L-MYB-GDA,D271,88U08,DERAILMENT,,,
400,SHY.ACC.07.2021,12/11/21 12:00,SHY STN,,,,HDTC5,HDTC5,DERAILMENT IN YARD,,AXLE BEARING BROKEN,ROLLING STOCK
401,MKN.ACC.10.2021,12/11/21 0:30,,14207,14218.3,M-HDU-MKN,,,WASH AWAY,,HEAVY RAIN,NONE
402,WMI.ACC.26.2021,12/10/21 19:10,,13127.2,,L-WMI-UGW,I-17,9017,DERAILMENT,,TO BE STATED,
403,BAH.ACC.04.2021,12/10/21 14:00,BAH STN,,,,B241,9018,RUNNING THROUGH POINTS,,NEGLIGENCY,HUMAN ERROR
404,GGD.ACC.34.2021,12/9/21 5:50,,10338.8,10339.8,B-KID-GGD,B241,88U16,DERAILMENT,,TO BE STATED,
405,MAN.ACC.24.2021,12/9/21 4:20,MAN STN,,,,Y14,9006,LOCO FAILURE,,MECHANICAL DEFECTS,
406,UGR.ACC.13.2021,12/8/21 20:30,KAMBUZI HALT,19151,,E1-UGR-KTB,N54,9024,SABOTAGE,,SABOTAGE,NONE
407,TBR.ACC.42.2021,12/8/21 17:00,TBR STN,,,,Y14,88U06,LOCO FAILURE,,MECHANICAL DEFECTS,
408,MAI.ACC.52.2021,12/8/21 16:30,SCANNER LINE,,,,,,BROKEN/BUCKLED RAIL,,,
409,RVJ.ACC.18.2021,12/8/21 9:30,,13179.9,,L-UGW-RVJ,,,BROKEN/BUCKLED RAIL,,TEAR AND WEAR,TRACK
410,BNE.ACC.8.2021,12/8/21 7:50,,12078.2,,D-IPL-BNE,,,PERSON KNOCKED TRAIN,INJURY,TRESPASSING,
411,KIM.ACC.13.2021,12/8/21 6:30,,10178.17,,A-MIK-KIM,B241,88U08,LOCO FAILURE,,EXCESSIVE WHEEL SLIP,
412,LLU.ACC.38.21,12/8/21 4:45,,10879,,E-MBM-USK,Y14,9011,LOCO FAILURE,,MECHANICAL DEFECTS,
413,MUP.ACC.04.21,12/8/21 1:30,,10558.9,10560.9,C-MUP-SAD,B211,9022,CAPSIZEMENT,,DROPPED BREAK BEAM ON CLB 54509,ROLLING STOCK
414,LMO.ACC.03.2021,12/7/21 23:20,,10159.5,,A-KIO-MIK,A311,9004,LOAD OVERHEIGHT,,OGL LOAD,HUMAN ERROR
415,URM.ACC.102021,12/6/21 12:30,,10937,,E-URM-KUA,,,BROKEN/BUCKLED RAIL,,TEAR AND WEAR,TRACK
416,URM.ACC.10.21,12/6/21 12:30,,10937,,E-URM-KUA,,,BROKEN/BUCKLED RAIL,,TEAR AND WEAR,TRACK
417,MSO.ACC.09.2021,12/6/21 9:35,MSO TRIANGLE,,,,,,BROKEN/BUCKLED RAIL,,TEAR AND WEAR,TRACK
418,PUG.ACC.13.2021,12/4/21 10:30,,10019.6,,A-LAL-PUG,,,BIG TREE FALLEN ON THE TRACK,,TO BE STATED,
419,KZM.ACC.48.2021,12/2/21 20:40,,11165,,E-UVZ-KZM,BC51,9021,LOCO FAILURE,,HEAVY RAIN,
420,TBR.ACC.41.2021,12/2/21 17:15,TBR YARD,,,,S/E,64U01,DERAILMENT IN YARD,,UNEVEN LOADING,
421,MAI.ACC.51.2021,12/2/21 6:10,SHED LINE,,,,L/E 88U10,9010,COLLISION IN YARD,,,
422,USK.ACC.07.2021,12/1/21 22:25,USK STN,,,,660,88U07,DERAILMENT IN YARD,,TO BE STATED,
423,MKS.ACC.01.2021,12/1/21 18:15,,14165.1,,M-MBR-MKS,,,WASH AWAY,,HEAVY RAIN,TRACK
424,TAN.ACC.08.2021,12/1/21 16:35,TAN STN,,,,S/E,8805,DERAILMENT IN YARD,,TO BE STATED,
425,MAI.ACC.50.2021,12/1/21 16:25,DSM PORT,,,,J351,88U16,DERAILMENT IN YARD,,ROTTEN TIMBER SLEEPERS DUE TO POOR DRAINAGE SYSTEM,TRACK
426,KGM.ACC.49.2021,12/1/21 6:00,KGM STN,,,,S/E,64U04,DERAILMENT IN YARD,,TO BE STATED,
427,MZA.ACC.01.2021,11/30/21 21:10,MZA STN,,,,S/E, 64U07,DERAILMENT IN YARD,,TO BE STATED,
428,URM.ACC.15.2021,11/30/21 12:20,,10907.7,10907.8,E-USK-URM,,,BROKEN/BUCKLED RAIL,,TEAR AND WEAR,TRACK
429,FLA.ACC.04.2021,11/30/21 2:05,,12361.5,,D-FLA-MSO,D211,9021/6407D,LOCO FAILURE,,EXCESSIVE WHEEL SLIP,TRACK
430,LAL.ACC.41.2021,11/29/21 19:20,LAL STN,10002,,A-MAI-LAL,S/E,64U03,LOCO FAILURE,,MECHANICAL DEFECTS,DRS
431,MAI.ACC.48.21,11/28/21 11:35,KUN SIDING,1.9,,,,,SAND COVERED THE TRACK,,HEAVY RAIN,
432,MAI.ACC.48.2021,11/28/21 11:35,,10000.9,,A-MAI-LAL,,,TRACK INTERFERENCE,,SAND COVERED THE TRACK,TRACK
433,KAT.ACC.06.2021,11/27/21 21:10,,10012.8,,A-LAL-PUG,661,88U16,LOCO FAILURE,,MECHANICAL,ROLLING STOCK
434,NGR.ACC.11.2021,11/27/21 19:28,NGR STN,,,E-UGE-NUR,E711,88U08,LOCO FAILURE,,MECHANICAL DEFECTS,
435,KZM.ACC.46.21,11/27/21 19:05,,11170.2,,E-UVZ-KZM,B211,9024,LOCO FAILURE,,HEAVY RAIN,ROLLING STOCK
436,LEM.ACC.09.2021,11/27/21 11:10,,14269.9,14270.4,M-SEM-LEM,I17,9017,DERAILMENT,,TO BE STATED,TRACK
437,MUH.ACC.15.2021,11/26/21 17:55,MUH STN,,,,854,8805,LOCO FAILURE,,SHORTAGE OF FUEL,ROLLING STOCK
438,LLU.ACC.38.2021,11/26/21 8:30,,10863,,E-TBR-LLU,,,BROKEN/BUCKLED RAIL,,TEAR AND WEAR,TRACK
439,GGD.ACC.33.20212,11/23/21 16:40,,10338.8,10338.7,B-KID-GGD,C331,9002,DERAILMENT,,TIGHT GAUGE,TRACK
440,USR.ACC.04.2021,11/23/21 7:50,,15050.3,,MQ-KUL-USR,Q1A,9022,FISH PLATE ON THE TRACK,,SABOTAGE,NONE
441,MIK.ACC.08.2021,11/23/21 4:35,,10170,,A-KIO-MIK,C331,88U07/U14,LOCO FAILURE,,MECHANICAL DEFECTS,ROLLING STOCK
442,BNE.ACC.13.2021,11/22/21 12:30,,12100.1,,D-BNE-MHN,,,BROKEN/BUCKLED RAIL,,TIGHT JOINT,TRACK
443,KUA.ACC.24.2021,11/21/21 23:50,,19040.9,,E1-KUA-LME,N52,9008,DERAILMENT,,HEAVY HUNTING OSCILLATIONS ON WAGONS,ROLLING STOCK
444,MZO.ACC.04.2021,11/21/21 18:25,MZO STN,,,,S/E,9011,DERAILMENT IN YARD,,WIDE GAUGE,TRACK
445,MUH.ACC.09.2021,11/21/21 15:10,,14030.1,14030.5,M-NGI-MUH,D221,88U10,DERAILMENT,,,
446,BNE.ACC.12.2021,11/21/21 8:00,,12100.1,,D-BNE-MHN,,,BROKEN/BUCKLED RAIL,,NARROW CESS,TRACK
447,KZM.ACC.46.2021,11/20/21 10:00,,11183.9,,E-UVZ-KZM,YD11,9021,LOCO FAILURE,,WATER PIPE BURST,ROLLING STOCK
448,KZM.ACC.45.2021,11/19/21 18:20,,11223.4,11223.2,E-KZM-LUC,Y371,9020,DERAILMENT,,OVER SPEED,
449,RVJ.ACC.17.2021,11/19/21 11:30,,13170.1,,L-UGW-RVJ,,,BROKEN/BUCKLED RAIL,,TEAR AND WEAR,TRACK
450,KIM.ACC.12.2021,11/19/21 11:20,KIM STN,,,,B262,88U06/U16,LOCO FAILURE,,MECHANICAL DEFECTS,ROLLING STOCK
451,MPN.ACC.27.2021,11/19/21 4:00,,19193.9,19193.8,E1-KTB-MPN,N57,9008,DERAILMENT,,HEAVY HUNTING OSCILLATIONS ON WAGONS,
452,MAI.ACC.48.2021A,11/18/21 14:40,MAI STN,,,,S/E,8825,DERAILMENT IN YARD,,TO BE STATED,
453,MLM.ACC.11.2021,11/18/21 10:20,,13039.1,13037.9,L-MYB-GDA,862,9014,DERAILMENT,,TO BE STATED,
454,LAB.ACC.20.2021,11/18/21 10:00,,10002.9,,A-MAI-LAL,,,BROKEN/BUCKLED RAIL,,TO BE STATED,TRACK
455,ISK.ACC.12.2021,11/17/21 11:50,,12138.7,12139.9,D-ISK-LMO,D251,9011,DERAILMENT,,BRAKE BEAM DROPPED,
456,RVJ.ACC.16.2021,11/17/21 11:00,,13160.5,13160.3,L-UGW-RVJ,862,9014,DERAILMENT,,TEAR AND WEAR,TRACK
457,KUA.ACC.11.2021A,11/17/21 6:30,,10951.9,,E-URM-KUA,B271,9018,LOCO FAILURE,,WATER LEAKAGE,ROLLING STOCK
458,TBR.ACC.40.2021,11/16/21 19:30,TBR STN,,,,S/E,9020,DEFECTIVE POINT,,TO BE STATED,TRACK
459,MAN.ACC.23.2021,11/16/21 12:20,MAN STN,,,,E221,9010,LOCO FAILURE,,MECHANICAL DEFECTS,ROLLING STOCK
460,KWB.ACC.07.2021,11/15/21 14:40,,10099.5,,A-KWB-MSU,D321,9007/9015,AXLE WHEEL CUT OFF,,AXLE WHEEL OF CCB 19407,ROLLING STOCK
461,TBR.ACC.39.2021A,11/15/21 10:45,,10847.9,,E-TBR-LLU,,,BROKEN/BUCKLED RAIL,,TO BE STATED,TRACK
462,RUV.ACC.01.2021,11/15/21 3:15,RUV STN,,,,862,U08,LOCO FAILURE,,MECHANICAL DEFECTS,ROLLING STOCK
463,ISK.ACC.11.2021,11/15/21 0:15,,12112.6,,D-MHN-ISK,A341,9018,LOCO FAILURE,,MECHANICAL DEFECTS,ROLLING STOCK
464,PUG.ACC.12.2021,11/14/21 15:32,PUG STN,,,A-LAL-PUG,B12,9007,LOCO FAILURE,,MECHANICAL DEFECTS,ROLLING STOCK
465,RUV.ACC.06.2021,11/14/21 14:55,,,,,YD11,88U02,NATURAL DEATH,,TO BE STATED,
466,UGE.ACC.03.2021,11/14/21 14:20,,11046,11046.1,E-USG-NUR,874,9021,DERAILMENT,,EXCESS BALLAST ON TRACK,
467,MOS.ACC.11.2021,11/13/21 15:00,,15018,,MQ-MOS-KUL,,,BROKEN/BUCKLED RAIL,,TEAR AND WEAR,TRACK
468,MAI.ACC.46.2021,11/13/21 1:30,KUN PENTAGON,,,,TRIP 64U04,,TTCL CABLE DROPPED ON THE TRACK,,TO BE STATED,NONE
469,LAB.ACC.19.2021,11/12/21 18:15,"UGO LINE, MWANANCH",8,,,,,BROKEN/BUCKLED RAIL,,TEAR AND WEAR,TRACK
470,KUA.ACC.22.2021,11/12/21 11:00,,10967.8,,E-KUA-KOM,BD16,9017,LOCO FAILURE,,MECHANICAL DEFECTS,ROLLING STOCK
471,KZM.ACC.43.2021,11/12/21 5:00,,11204.5,,E-KZM-LUC,Y671,9021,LOCO FAILURE,,RAIN,NONE
472,ZZU.ACC.05.2021,11/11/21 20:50,,10462,,C-DOM-ZZU,V961,88U07/9023D,MOTOR VEHICLE KNOCKED TRAIN,,NEGLIGENCY OF ROAD VEHICLE DRIVER,NONE
473,RVJ.ACC.15.2021,11/11/21 14:30,,13146.7,13146.8,L-WMI-UGW,D251,88U10,DERAILMENT,,RAIL BUCKLED,TRACK
474,MLP.ACC.09.2021,11/10/21 16:30,SKE STN,12227,,D-SWA-SKE,,,BLASTING STONE FELT ON THE TRACK,,TO BE STATED,
475,UGR.ACC.12.2021,11/10/21 11:00,,19110.3,,E1-LME-UGR,,,BROKEN/BUCKLED RAIL,,TEAR AND WEAR,TRACK
476,MAN.ACC.22.2021,11/10/21 9:50,,10587.9,10588.6,C-MAN-AGH,E231,9023/9018,MOTOR VEHICLE KNOCKED TRAIN,INJURY,NEGLIGENCY OF ROAD VEHICLE DRIVER,NONE
477,USK.ACC.06.2021,11/10/21 4:30,USK STN,,,,B211,9022,LOCO FAILURE,,MECHANICAL DEFECTS,ROLLING STOCK
478,ISK.ACC.10.2021,11/9/21 11:00,,12138.6,12138.7,D-ISK-LMO,H54,9016,DERAILMENT,,WEAK TRACK FORMATION,TRACK
479,LAL.ACC.40.2021,11/9/21 10:05,GOODSHED LINE,,,,S/E,64U06,LOCO FAILURE,,POOR PULLING POWER,ROLLING STOCK
480,UGR.ACC.11.2021,11/8/21 11:30,,19119.7,,E1-UGR-KTB,,,BROKEN/BUCKLED RAIL,,TEAR AND WEAR,TRACK
481,PUG.ACC.11.2021,11/8/21 9:40,,10013.6,,A-LAL-PUG,P133,9010,MOTOR VEHICLE KNOCKED TRAIN,,NEGLIGENCY OF MOTOR VEHICLE DRIVER,HUMAN ERROR
482,MID.ACC.07.2021,11/8/21 9:20,,10140.6,,A-KDG-NGR,V671,9011/9012,MOTOR VEHICLE KNOCKED TRAIN,,NEGLIGENCY OF ROAD VEHICLE DRIVER,HUMAN ERROR
483,PUG.ACC.10.2021,11/7/21 17:30,,10021,,A-PUG-PJI,B12,9007,LOCO FAILURE,,MECHANICAL DEFECTS,ROLLING STOCK
484,MOS.ACC.10.2021,11/6/21 22:00,,15006,15004.8,MQ-MOS-KUL,Q7R,9004,DERAILMENT,,TO BE STATED,
485,NUR.ACC.09.2021,11/5/21 10:30,,11064.4,,E-NUR-MAL,,,BROKEN/BUCKLED RAIL,,TO BE STATED,TRACK
486,BNE.ACC.05.2021,11/4/21 2:00,,12082.8,12083.8,D-IPL-BNE,A311,9022,DERAILMENT,,BRAKE BEAM DROPPED,
487,KKU.ACC.2021,11/3/21 22:55,,10531,,C-KKU-MUP,Y14,9015,PERSON KNOCKED TRAIN,,NEGLIGENCY,HUMAN ERROR
488,ILU.ACC.02.2021,11/3/21 13:25,ILU STN,,,,Y14,9023,LOCO FAILURE,,PRESSURE PROBLEM,ROLLING STOCK
489,MOS.ACC.09.2021,11/2/21 17:10,MOS YARD,,,,Q1R,9004,DERAILMENT IN YARD,,TO BE STATED,
490,MPN.ACC.25.2021,11/2/21 16:40,,19203.6,19203.5,E1-KTB-MPN,N54,9015,DERAILMENT,,TO BE STATED,
491,MSO.ACC.08.2021,11/2/21 10:30,SIDING,,,,S/E,64U01,DERAILMENT IN YARD,,WEAK FORMATION,TRACK
492,KGM.ACC.48.2021,11/1/21 18:30,,11220.1,11220.5,E-KZM-LUC,B361,9016,DERAILMENT,,ADJUSTING ROD DROPPED,
493,KZM.ACC.44.2021,11/1/21 14:15,,11173.6,11173.9,E-UVZ-KZM,BC51,9008,LOCO FAILURE,,EXCESSIVE WHEEL SLIP,ROLLING STOCK
494,GGD.ACC.32.2021,10/31/21 5:35,,10347.4,10347.6,B-KID-GGD,863,9019,DERAILMENT,,TO BE STATED,
495,KOR.ACC.10.2021,10/30/21 6:10,KOR STN,,,,D371,9007,DERAILMENT IN YARD,,TO BE STATED,
496,PON.ACC.10.2021,10/29/21 18:20,TCC SIDING,,,,S/E,8826,LOCO FAILURE,,FAILED  TO MOVE FORWARD OR BACKWARD,ROLLING STOCK
497,KUA.ACC.21.2021,10/29/21 12:30,,10950,,E-URM-KUA,PGT,PGT2,LOCO FAILURE,,SHUT DOWN,ROLLING STOCK
498,LAL.ACC.39.2021,10/27/21 11:20,LAL GOODSHED,,,,S/E,64U04,DERAILMENT IN YARD,,TO BE STATED,
499,URM.ACC.14.2021,10/27/21 3:20,,10937.2,10937.5,E-URM-KUA,B271,9022,DERAILMENT,,WEAK TRACK FORMATION,TRACK
500,KLO.ACC.19.2021,10/26/21 19:00,,10304.5,10304.6,B-MGA-MZZ,,,TRACK INTERFERENCE,,HEAVY RAIN,NONE
501,MUH.ACC.08.2021,10/26/21 13:05,MUH STN,,,,M7A,9011,MECHANICAL DEFECTS,,BRAKE BINDING,ROLLING STOCK
502,MBO.ACC.05.2021,10/26/21 8:00,,14153,,M-MBR-MKS,,,BROKEN/BUCKLED RAIL,,TO BE STATED,TRACK
503,PON.ACC.09.2021,10/25/21 13:30,TCC SIDING,,,,S/E,8826,LOCO FAILURE,,FAILED  TO MOVE FORWARD OR BACKWARD,ROLLING STOCK
504,PON.ACC.08.2021,10/25/21 12:30,,14028.7,,M-NGI-MUH,M7A,9011,MECHANICAL DEFECTS,,MAIN PIPE FROM OTV LEAKING,ROLLING STOCK
505,BNE.ACC.04.2021,10/25/21 10:45,,12080.3,,D-IPL-BNE,,,BROKEN/BUCKLED RAIL,,TEAR AND WEAR,TRACK
506,MOR.ACC.28.2021,10/25/21 0:05,MOR STN,,,,B12,9018,LOCO FAILURE,,FAILED TO CREATE AIR PRESSURE TO THE COACHES,ROLLING STOCK
507,PUG.ACC.09.2021,10/24/21 12:05,,10016.4,,A-LAL-PUG,,,PERSON KNOCKED TRAIN,,NEGLIGENCY,HUMAN ERROR
508,RVJ.ACC.14.2021,10/24/21 8:30,,13163.5,,L-UGW-RVJ,,,BROKEN/BUCKLED RAIL,,TEAR AND WEAR,TRACK
509,UVZ.ACC.15.2021,10/22/21 19:40,,11152.3,,E-UVZ-KZM,BC21,9013,LOCO FAILURE,,EXCESSIVE WHEEL SLIP,ROLLING STOCK
510,DOM.ACC.25.2021,10/21/21 15:30,DOM STN,,,,A341,88U10,LOCO FAILURE,,AXLE BEARING BURNT ON MOTOR,ROLLING STOCK
511,WMI.ACC.24.2021,10/21/21 7:50,,13137.8,,L-WMI-UGW,,,BROKEN/BUCKLED RAIL,,TEAR AND WEAR,TRACK
512,LAB.ACC.18.2021,10/21/21 7:35,,10002.9,,A-MAI-LAL,,,BROKEN/BUCKLED RAIL,,TEAR AND WEAR,TRACK
513,IPL.ACC.08.2021,10/20/21 15:20,,12056,,D-NZB-IPL,,,BROKEN/BUCKLED RAIL,,TEAR AND WEAR,TRACK
514,URM.ACC.13.2021,10/20/21 12:30,,10893.3,,E-MBM-USK,,,BROKEN/BUCKLED RAIL,,TEAR AND WEAR,TRACK
515,URM.ACC.12.2021,10/19/21 10:15,,10882.2,10882.3,E-MBM-USK,,,BROKEN/BUCKLED RAIL,,TEAR AND WEAR,TRACK
516,KGM.ACC.47.2021,10/18/21 17:40,,,,,,,SAND COVERED THE YARD LINE,,HEAVY RAIN,NONE
517,PJI.ACC.10.2021,10/18/21 1:55,,10046.7,,A-PJI-SOG,E221,88U16/U06,LOCO FAILURE,,POOR PULLING POWER,ROLLING STOCK
518,PJI.ACC.09.2021,10/17/21 22:35,,10041.3,,A-PUG-PJI,E221,88U16/U06,LOCO FAILURE,,POOR PULLING POWER,ROLLING STOCK
519,KOL.ACC.04.2021,10/16/21 7:30,,12007.1,,D-TBR-KOL,,,BROKEN/BUCKLED RAIL,,TO BE STATED,TRACK
520,LLU.ACC.35.2021,10/15/21 8:30,,10884,10884.1,E-MBM-USK,,,BROKEN/BUCKLED RAIL,,TEAR AND WEAR,TRACK
521,SAD.ACC.13.2021,10/15/21 5:15,,10567.8,,C-MUP-SAD,X351,9011,LOCO FAILURE,,PRESSURE PROBLEM,ROLLING STOCK
522,MLM.ACC.10.2021,10/14/21 8:00,,13103.2,,L-MVE-WMI,,,BROKEN/BUCKLED RAIL,,TO BE STATED,TRACK
523,DOM.ACC.22.2021,10/14/21 7:55,,10464.4,,C-DOM-ZZU,863,88U08,LOCO FAILURE,,POWER PROBLEM,ROLLING STOCK
524,WMI.ACC.23.2021,10/13/21 17:00,,13120.14,13120.7,L-WMI-UGW,D341,9018,CAPSIZEMENT,,VARIATION OF TRACK PARAMETERS,TRACK
525,DOM.ACC.21.2021,10/13/21 13:10,DOM STN,,,,S/E,9008,DERAILMENT IN YARD,,TO BE STATED,
526,KLO.ACC.18.2021,10/13/21 6:55,,10302,10302.6,B-MGA-MZZ,W341,9013,DERAILMENT,,TO BE STATED,
527,MBO.ACC.04.2021,10/12/21 9:30,,14141.5,,M-MZD-MBR,,,WIDE GAUGE,,ROTTEN TIMBER SLEEPERS,TRACK
528,LAL.ACC.38.2021,10/10/21 16:05,,10002.1,,A-MAI-LAL,TRIP,64U06,MOTOR VEHICLE KNOCKED TRAIN,,NEGLIGENCY OF ROAD VEHICLE DRIVER,HUMAN ERROR
529,KID.ACC.10.21,10/10/21 10:50,,10338,,B-KID-GGD,C211,9011,DERAILMENT,,TO BE STATED,
530,MOS.ACC.08.21,10/10/21 9:00,,15012.1,15012.2,MQ-MOS-KUL,Q7A,88U14,DERAILMENT,,TO BE STATED,
531,KUA.ACC.20.2021,10/9/21 13:20,,10896.6,,E-MBM-USK,,,BROKEN/BUCKLED RAIL,,TEAR AND WEAR,TRACK
532,LAL.ACC.36.2021,10/8/21 14:40,LAL STN,,,,S/E,64U06,DERAILMENT IN YARD,,TO BE STATED,
533,LME.ACC.03.2021,10/8/21 3:20,,19094.9,19095.1,E1-LME-UGR,N56,9010,DERAILMENT,,CENTRE PIVOT OF CLB 55569 DEFECTIVE,ROLLING STOCK
534,KIM.ACC.11.2021,10/8/21 1:55,,10178.3,10177.4,A-MIK-KIM,Z321,9017/88U07,CAPSIZEMENT,,LOAD SHIFTED ON ROUTE,HUMAN ERROR
535,MLP.ACC.08.2021,10/7/21 14:00,,12236,12236.4,D-SWA-SKE,9013,A321,DERAILMENT,,BUCKLED RAIL,
536,GGD.ACC.31.21,10/6/21 17:20,,10347.4,10347,B-KID-GGD,Z321,9006/9007D,DERAILMENT,,TO BE STATED,
537,IPL.ACC.07.2021,10/6/21 14:30,,12057.3,,D-NZB-IPL,,,BROKEN/BUCKLED RAIL,,TO BE STATED,TRACK
538,LAB.ACC.17.2021,10/6/21 12:30,MNYAMANI LXING,,,,,,TRACK INTERFERENCE,,ELECTRICAL WIRE DROPPED DOWN ON THE TRACK,NONE
539,WMI.ACC.22.2021,10/5/21 10:30,,13140.9,,L-WMI-UGW,O7R,9017,DERAILMENT,,TO BE STATED,
540,GOK.ACC.03.2021,10/4/21 16:20,,10744.1,,C-MLW-NYA,B12,9007,LOCO FAILURE,,CRANCASE EXHAUSTER NOT WORKING,ROLLING STOCK
541,SHY.ACC.05.2021,10/4/21 16:00,,12182.2,,D-USL-SHY,,,BROKEN/BUCKLED RAIL,,LOOSE PACKING,TRACK
542,KZM.ACC.41.21,10/4/21 7:30,,11158.9,11159,E-UVZ-KZM,B241,9016,DERAILMENT,,BRAKE BEAM DROPPED OF CLB 55015,ROLLING STOCK
543,MPN.ACC.24.2021,10/3/21 21:40,,19152.7,19151.4,E1-UGR-KTB,N52,9019,DERAILMENT,,JERKING,
544,LMO.ACC.01.2021,10/2/21 10:15,,12168.3,,D-LMO-USL,,,BROKEN/BUCKLED RAIL,,TEAR AND WEAR,TRACK
545,MLP.ACC.06.2021,10/1/21 14:25,,12287.1,,D-MLA-BWA,,,BROKEN/BUCKLED RAIL,,LOOSE PACKING,TRACK
546,MAN.ACC.16.2021,10/1/21 12:35,,10587.9,,C-MAN-AGH,Z341,88U08/9018,VEHICLE SMASHED A TRAIN,,NEGLIGENCY,HUMAN ERROR
547,GGD.ACC.31.2021,9/30/21 18:00,GGD STN,,,,863,88U02,LOCO FAILURE,,FAILED TO RESTART,ROLLING STOCK
548,BWA.ACC.07.2021,9/30/21 14:50,,12287.5,12287.8,D-MLA-BWA,D251,9023,DERAILMENT,,BUCKLED RAIL,TRACK
549,MYB.ACC.05.2021,9/30/21 10:10,,13008.2,,L-MZU-MYB,,,BROKEN/BUCKLED RAIL,,TEAR AND WEAR,TRACK
550,PJI.ACC.08.2021,9/29/21 4:30,,10042.1,,A-PJI-SOG,B251,9004/15,LOCO FAILURE,,POOR PULLING POWER,ROLLING STOCK
551,UVZ.ACC.14.2021,9/28/21 23:50,UVZ STN,,,,Y14,9018,LOCO FAILURE,,WATER FLEXIBLE PIPE BURST,ROLLING STOCK
552,SAD.ACC.12.2021,9/28/21 0:10,,10560.4,,C-MUP-SAD,863,9008,LOCO FAILURE,,PSC AND DYNAMIC NOT FUNCTION,ROLLING STOCK
553,LAL.ACC.35.2021,9/26/21 14:55,LAL STN,,,,,64U06,DERAILMENT IN YARD,,ROUGH SHUNTING,HUMAN ERROR
554,MAL.ACC.10.2021,9/25/21 16:25,MAL STN,,,,B241,9020,LOCO FAILURE,,STARTER MOTOR OVERLOAD,ROLLING STOCK
555,ILU.ACC.01.2021,9/25/21 15:30,,10837.2,,C-ILU-TBR,RMO2,,DERAILMENT,,HIGH CESS LEFT BY CONTRACTOR,TRACK
556,MZU.ACC.07.2021,9/25/21 14:00,,14064.5,14065,M-KUH-MZU,D311,9007,DERAILMENT,,DEFECTIVE WAGON CCB 18374,ROLLING STOCK
557,LAL.ACC.34.2021,9/25/21 9:45,,10002.1,,A-MAI-LAL,,,BROKEN/BUCKLED RAIL,,TEAR AND WEAR,TRACK
558,MPN.ACC.21.2021,9/23/21 8:50,,19203.3,19203.4,E1-KTB-MPN,,,BROKEN/BUCKLED RAIL,,TEAR AND WEAR,TRACK
559,MOR.ACC.27.2021,9/22/21 18:05,,10212.3,,B-MOR-MBU,B241,88U10,LOCO FAILURE,,POWER GROUND FAULT,ROLLING STOCK
560,MAL.ACC.09.2021,9/22/21 9:50,,11071.5,,E-NUR-MAL,,,BROKEN/BUCKLED RAIL,,TEAR AND WEAR,TRACK
561,DOM.ACC.19.2021,9/21/21 23:00,DOM STN,,,,V941,88U14,LOCO FAILURE,,BATTERY DEFECTIVE,ROLLING STOCK
562,PON.ACC.07.2021,9/21/21 19:30,TCC SIDING PON,,,,S/E,8826,LOCO FAILURE,,FUEL RETURN PIPE BURST,ROLLING STOCK
563,LAL.ACC.33.2021,9/20/21 15:10,LAL GOODSHED LINE,,,,TRIP,64U07,DERAILMENT IN YARD,,WHEEL BROKEN,
564,LAB.ACC.16.2021,9/20/21 7:20,,10008.2,,A-LAL-PUG,,,BROKEN/BUCKLED RAIL,,TEAR AND WEAR,TRACK
565,LAL.ACC.32.21,9/17/21 13:40,LAL,,,,S/E,9020,DERAILMENT IN YARD,,DEFECTIVE POINTS,
566,KBO.ACC.11.2021,9/17/21 7:45,,10404,,B-IGD-KBO,,,BROKEN/BUCKLED RAIL,,TO BE STATED,TRACK
567,RVJ.ACC.13.2021,9/16/21 13:00,,13162.3,,L-UGW-RVJ,,,BROKEN/BUCKLED RAIL,,TEAR AND WEAR,TRACK
568,NGR.ACC.13.2021,9/16/21 12:55,NGR STN,,,,BD16,88U08,LOCO FAILURE,,MECHANICAL,ROLLING STOCK
569,KZM.ACC.42.2021,9/16/21 5:10,,11147.6,11150.6,E-UVZ-KZM,B351,9022,DERAILMENT,,ADJUSTING ROD DROPPED,
570,LAL.ACC.32.2021,9/15/21 12:55,KAWAWA LEVEL CROSSING,,,,,,BROKEN/BUCKLED RAIL,,TEAR AND WEAR,
571,KZM.ACC.41.2021,9/15/21 12:00,KZM STN,,,,Q651,9013/U10,DEFECTIVE POINTS,,WEAK POINT,TRACK
572,KZM.40.2021,9/15/21 8:00,,11184.5,,E-UVZ-KZM,Y15,9014,BOLT DROPPED ON TCB 3638,,TO BE STATED,
573,KZM.ACC.40.2021,9/15/21 8:00,,11184.5,,E-UVZ-KZM,Y15,9014,MECHANICAL DEFECTS,,PILLAR BOLT DROPPED,ROLLING STOCK
574,MUP.ACC.04.2021,9/13/21 23:30,MUP STN,,,,Y611,9024/64U02,LOCO FAILURE,,SHORTAGE OF FUEL,ROLLING STOCK
575,MPN.ACC.19.201,9/13/21 10:45,,19194.8,19194.9,E1-KTB-MPN,,,BROKEN/BUCKLED RAIL,,TEAR AND WEAR,TRACK
576,MPN.ACC.19.2021,9/13/21 10:45,,19194.8,,E1-KTB-MPN,,,BROKEN/BUCKLED RAIL,,TEAR AND WEAR,TRACK
577,KUA.ACC.19.2021,9/13/21 3:50,,10986,10988,E-KUA-KOM,B351,9022,CAPSIZEMENT,,MECHANICAL DEFECTS OF WAGON CCB 19442,
578,GGD.ACC.30.2021,9/12/21 16:10,,10345.05,,B-KID-GGD,E311,9008,DERAILMENT,,WEAK FORMATION,
579,LUC.ACC.16.2021,9/12/21 14:20,,11215.2,11215.3,E-KZM-LUC,,,BROKEN/BUCKLED RAIL,,TEAR AND WEAR,TRACK
580,KUA.ACC.18.2021,9/12/21 9:00,,10958.6,10958.7,E-URM-KUA,,,BROKEN/BUCKLED RAIL,,TEAR AND WEAR,TRACK
581,GLW.ACC.07.2021,9/12/21 8:55,,10394.05,,B-MSG-IGD,,,DEAD BODY FOUND ON THE TRACK,,,
582,KBO.ACC.10.2021,9/11/21 17:00,KBO STN,,,,C371,88U16,LOCO FAILURE,,MECHANICAL DEFECTS,ROLLING STOCK
583,MUH.ACC.07.2021,9/11/21 10:00,,14029.45,14029.5,M-NGI-MUH,BT11,9012,DERAILMENT,,WEAK TRACK FORMATION,ROLLING STOCK
584,MKA.ACC.04.2021,9/11/21 2:30,MKA STN,,,,C371,9010,LOCO FAILURE,,MECHANICAL DEFECTS,ROLLING STOCK
585,MAI.ACC.18.2021,9/10/21 19:50,MAI STN,10000,,A-MAI-LAL,S/E,8828,LOCO FAILURE,,MECHANICAL DEFECTS,
586,RVJ.ACC.12.2021,9/10/21 9:30,,13176.6,,L-UGW-RVJ,,,PITCH HOLE,,HEAVY RAIN,
587,MUH.ACC.06.21,9/10/21 6:50,,14061.85,,M-KUH-MZU,M7R,9012,DERAILMENT,,JERKING,ROLLING STOCK
588,MPN.ACC.18.2021,9/9/21 23:00,,19209.5,19209.6,E1-KTB-MPN,N56,9016,DERAILMENT,,UNEVEN LOADING,
589,MOR.ACC.26.2021,9/9/21 13:30,MOR STN,,,,Y14,9010,LOCO FAILURE,,COMPRESSOR AND DBV DEFECTIVE,ROLLING STOCK
590,KKU.ACC.03.2021,9/9/21 9:20,,10519,,C-BAH-KKU,,,BROKEN/BUCKLED RAIL,,WEAK JOINT ON WELDED RAIL,
591,PUG.ACC.07.2021,9/9/21 5:20,,10015.4,,A-LAL-PUG,P161,,DEAD BODY FOUND ON THE TRACK,,,
592,BNE.ACC.03.2021,9/8/21 17:35,,10113.4,,A-MSU-MID,,PGT 02,TROLLEY FAILURE,,MECHANICAL,
593,GLW.ACC.06.2021,9/8/21 13:00,GLW STN,10365,,B-GLW-MSG,Z271, 88U02,LOCO FAILURE,,MECHANICAL,ROLLING STOCK
594,ISK.ACC.09.2021,9/7/21 6:15,,12113.7,12113.9,D-MHN-ISK,H54,9018,DERAILMENT,,WIDE GAUGE,
595,ISK.ACC.08.21,9/6/21 16:35,,12166,,D-LMO-USL,,,BROKEN/BUCKLED RAIL,,BUCKLED RAIL,TRACK
596,MAN.ACC.17.2021,9/6/21 15:00,,10575.2,,C-SAD-MAN,,HDT 10,SABOTAGE,,,
597,MOR.ACC.25.2021,9/6/21 2:45,MOR STN,,,,B12,9013,LOCO FAILURE,,PRESSURE PROBLEM,ROLLING STOCK
598,MZU.ACC.06.2021,9/6/21 1:30,,14052.3,,M-MUH-KUH,M7A,88U10,LOCO FAILURE,,MECHANICAL,ROLLING STOCK
599,NGR.ACC.08.2021,9/5/21 19:30,,10125.5,,A-MID-KDG,B12,88U16,LOCO FAILURE,,MECHANICAL DEFECTS,ROLLING STOCK
600,UGR.ACC.09.2021,9/5/21 9:00,,19116.7,,E1-UGR-KTB,,,BROKEN/BUCKLED RAIL,,TEAR AND WEAR,TRACK
601,TBR.ACC.39.21,9/5/21 1:30,,12024.6,,D-KOL-NZB,Z271,9015,PERSON KNOCKED TRAIN,,NEGLIGENCY,HUMAN ERROR
602,DOM.ACC.17.2021,9/4/21 16:30,DOM STN,10457,,C-DOM-ZZU,A351,9012,LOCO FAILURE,,MECHANICAL DEFECTS,ROLLING STOCK
603,DOM.ACC.18.2021,9/4/21 0:30,DOM STN,10457,,C-DOM-ZZU,X361,88U14,LOCO FAILURE,,MECHANICAL,ROLLING STOCK
604,URM.ACC.10.2021,9/3/21 14:40,,10892.5,10892.6,E-MBM-USK,,,BROKEN/BUCKLED RAIL,,TEAR AND WEAR,TRACK
605,MID.ACC.06.2021,9/3/21 2:20,,10117.9,,A-MSU-MID,C361,88U10/U02,DERAILMENT,,BRAKE BEAM OF CCB 18183 DROPPED,ROLLING STOCK
606,MAI.ACC.42.2021,9/2/21 14:25,KUN SIDG,10000,,A-MAI-LAL,TRIP 8825,8825,RUNAWAY WAGONS,,NEGLIGENCY OF YARD STAFF,HUMAN ERROR
607,KGE.ACC.08.2021,9/1/21 18:15,KGE STN,10491,,C-KGE-BAH,V741,88U08,LOCO FAILURE,,SHORTAGE OF FUEL,ROLLING STOCK
608,KGE.ACC.08.21,9/1/21 18:15,KGE STN,10491,,C-KGE-BAH,V741,88U08,LOCO FAILURE,,SHORTAGE OF FUEL,ROLLING STOCK
609,KGM.ACC.46.2021,9/1/21 10:00,KGM STN,11251,,E-LUC-KGM,S/E,64U02,DERAILMENT IN YARD,,HALF WAY SET OF POINTS,HUMAN ERROR
610,RVJ.ACC.11.2021,9/1/21 8:40,,13179.4,13156.02,L-UGW-RVJ,,HDT2,TROLLEY FAILURE,,MECHANICAL DEFECTS,ROLLING STOCK
611,MZA.ACC.46.2021,9/1/21 7:40,MZA STN,12378,,D-MSO-MZA,S/E,9018,DERAILMENT IN YARD,,WIDE GAUGE,TRACK
612,MZA.ACC.02.2021,9/1/21 7:40,MZA STN,12090,,D-BNE-MHN,S/E,9018,DERAILMENT,,WIDE GAUGE,TRACK
613,BWA.ACC.06.2021,8/31/21 15:40,,12285.4,12285.6,D-MLA-BWA,H54,9018,DERAILMENT,,RAIL BUCKLED,TRACK
614,MAN.ACC.18.2021,8/31/21 13:55,MAN STN,,,,Z321,9006,LOCO FAILURE,,POOR PULLING POWER,ROLLING STOCK
615,LAB.ACC.15.2021,8/30/21 21:50,,10008.8,,A-LAL-PUG,R136,9013,LOCO FAILURE,,SHORTAGE OF FUEL,ROLLING STOCK
616,ITG.ACC.02.2021,8/30/21 20:10,,10613,10612.5,C-AGH-ITG,X311,9012, VEHICLE KNOCKED TRAIN,,NEGLIGENCY,HUMAN ERROR
617,DSM.ACC.18.2021,8/30/21 14:50,DSM STN,,,,I13,9014,MOTOR VEHICLE KNOCKED TRAIN,,NEGLIGENCY OF ROAD VEHICLE DRIVER,HUMAN ERROR
618,DSM.ACC.17.2021,8/30/21 14:10,KAMATA STN,,,,I13,9014,LOCO FAILURE,,LEAKAGE OF AIR PRESSURE,ROLLING STOCK
619,SAD.ACC.11.2021,8/30/21 13:10,SAD STN,,,,B12,88U08,LOCO FAILURE,,POOR PULLING POWER,ROLLING STOCK
620,AGH.ACC.03.2021,8/30/21 9:30,,10602.8,,C-AGH-ITG,HDT,HDT10,TROLLEY FAILURE,,MECHANICAL,
621,DSM.ACC.16.2021,8/30/21 6:00,DSM STN,,,,,,DEAD BODY FOUND ON THE TRACK,,TO BE STATED,
622,MAN.ACC.15.2021,8/29/21 23:35,,10577.7,10578,C-SAD-MAN,Z371,9015,MECHANICAL DEFECTS,,UNBRAKED WAGONS,ROLLING STOCK
623,TBR.ACC.38.21,8/29/21 16:55,TBR STN,,,,661,9017,DERAILMENT IN YARD,,ROUGH SHUNTING,HUMAN ERROR
624,USR.ACC.03.2021,8/28/21 20:50,,15052.9,,MQ-KUL-USR,QIR,9013,MOTOR VEHICLE KNOCKED TRAIN,,NEGLIGENCY OF MOTOR VEHICLE DRIVER,HUMAN ERROR
625,GGD.ACC.29.2021,8/28/21 20:00,GGD STN,,,,863,8805,DERAILMENT IN YARD,,TO BE STATED,
626,ARS.ACC.02.2021,8/28/21 17:20,,15074.8,,MQ-USR-ARS,QIA,9013,TRACK INTERFERENCE,,TANESCO WIRE CUT OFF ACROSS RAILWAY LINE,
627,MSO.ACC.02.2021,8/28/21 13:30,,12361.5,,D-FLA-MSO,AU51,9007,LOCO FAILURE,,EXCESSIVE WHEEL SLIP,ROLLING STOCK
628,TBR.ACC.39.2021,8/28/21 1:40,,12004.6,12004.8,D-TBR-KOL,C341,9017,LOCO FAILURE,,DBV PROBLEM,ROLLING STOCK
629,KOR.ACC.09.2021,8/27/21 22:00,,14075,,M-MNU-KOR,I17,9023,LOCO FAILURE,,MECHANICAL,ROLLING STOCK
630,MAI.ACC.40.2021,8/27/21 19:30,MAI STN,,,,S/E,64U06,DERAILMENT IN YARD,,DEFECTIVE WAGON,ROLLING STOCK
631,MAI.ACC.41.2021,8/27/21 16:40,MAI STN,,,,S/E,88U02,DERAILMENT IN YARD,,BIG STONE PLACED ON TRACK,SABOTAGE
632,TBR.ACC.38.2021,8/27/21 3:35,,10874.7,,E-LLU-MBM,G57,9024,TRACK INTERFERENCE,,SABOTAGE,SABOTAGE
633,KGM.ACC.45.2021,8/26/21 23:30,,11247.9,,E-LUC-KGM,Q761,9006,LOCO FAILURE,,POOR PULLING POWER,ROLLING STOCK
634,MBO.ACC.03.2021,8/26/21 9:00,,14139,,M-MBO-MZD,862,88U16,LOCO FAILURE,,POOR PULLING POWER,ROLLING STOCK
635,KIM.ACC.18.2021,8/25/21 22:00,,13118.8,,L-MVE-WMI,W311,9016,LOCO FAILURE,,MECHANICAL,ROLLING STOCK
636,MOS.ACC.08.2021,8/25/21 16:00,,14342.4,,M-KHE-MOS,,,BROKEN/BUCKLED RAIL,,DAMAGED BY LOADED EXCAVATOR,TRACK
637,KID.ACC.10.2021,8/25/21 7:30,,10314.2,,B-MZZ-KID,,,BROKEN/BUCKLED RAIL,,RAIL BUCKLED,TRACK
638,MID.ACC.05.2021,8/24/21 20:35,,10098.7,,A-KWB-MSU,D321,88U07,LOCO FAILURE,,MECHANICAL,ROLLING STOCK
639,ISK.ACC.08.2021,8/23/21 22:50,ISK STN,,,,C211,9010,POINTS DAMAGED,,BRAKE BEAM DROPPED,ROLLING STOCK
640,MPN.ACC.17.2021,8/22/21 19:30,,19201.2,19201.1,E1-KTB-MPN,N52,9015,CAPSIZEMENT,,WEAK TRACK FORMATION,TRACK
641,MAI.ACC.39.2021,8/22/21 10:10,MAI,,,,S/E,64U06,DERAILMENT IN YARD,,WIDE GAUGE,TRACK
642,KUA.ACC.17.2021,8/22/21 1:35,KUA STN,,,,Y661,9021,LOCO FAILURE,,SHORTAGE OF FUEL,ROLLING STOCK
643,KLO.ACC.16.2021,8/21/21 20:15,,10304.5,,B-MGA-MZZ,,,SAND OVER THE TRACK,,HEAVY RAIN,
644,UVZ.ACC.12.2021,8/21/21 14:30,,11158.9,11158.8,E-UVZ-KZM,YD11,9004,DERAILMENT,,SPRING BROKEN OF BVB,ROLLING STOCK
645,MAI.ACC.38.2021,8/21/21 12:40,MAI,,,,S/E,64U06,DERAILMENT IN YARD,,UNEVEN LOADING,HUMAN ERROR
646,KWB.ACC.06.2021,8/21/21 3:40,KWB STN,,,,662,8821,LOCO FAILURE,,MECHANICAL,
647,URM.ACC.09.2021,8/20/21 11:30,,10932,10931.8,E-URM-KUA,N56,9015,DERAILMENT,,UNEVEN LOADING,
648,TAN.ACC.06.2021,8/20/21 10:30,TAN STN,,,,,88U02,DERAILMENT IN YARD,,HALF WAY SET OF POINTS,HUMAN ERROR
649,KUA.ACC.16.2021,8/20/21 1:30,,10988.3,10988.7,E-KUA-KOM,B231,9022,DERAILMENT,,VARIATION OF TRACK PARAMETERS,TRACK
650,KLO.ACC.15.2021,8/18/21 15:00,,10303.2,,B-MGA-MZZ,,,LAND SLIDE,,BOULDER FELL ALONG THE TRACK,HUMAN ERROR
651,TBR.ACC.37.2021,8/18/21 9:30,,10848.9,10840,E-TBR-LLU,,,BROKEN/BUCKLED RAIL,,TEAR AND WEAR,TRACK
652,MOS.ACC.07.2021,8/17/21 12:15,SIMBA CEMENT SIDING,,,,S/E,88U02,DERAILMENT IN YARD,,POOR TRAIN MANAGEMENT,HUMAN ERROR
653,MAI.ACC.37.2021,8/17/21 11:30,KUN SIDING GBP,,,,S/E,,DERAILMENT IN YARD,,WORN OUT RAIL,TRACK
654,MPN.ACC.16.2021,8/17/21 10:55,,19195.7,19195.8,E1-KTB-MPN,,,BROKEN/BUCKLED RAIL,,TEAR AND WEAR,TRACK
655,MPN.ACC.15.2021,8/16/21 9:30,,19206.3,19206.4,E1-KTB-MPN,,,BROKEN/BUCKLED RAIL,,TEAR AND WEAR,TRACK
656,GGD.ACC.28.2021,8/14/21 13:40,GGD STN,,,,863,8805,LOCO FAILURE,,STARTING RELAYING,ROLLING STOCK
657,GDA.ACC.13.2021,8/11/21 9:20,,13025.4,13025.5,L-MYB-GDA,D341,9020,DERAILMENT,,JERKING,ROLLING STOCK
658,DSM.ACC.15.2021,8/11/21 5:30,DSM STN,,,,F151,9012,LOCO FAILURE,,MECHANICAL,ROLLING STOCK
659,MPN.ACC.14.2021,8/10/21 13:30,,19179.4,19179.9,E1-KTB-MPN,G53,9010,DERAILMENT,,BOGIE FAILED TO NEGOTIATE CURVE,ROLLING STOCK
660,KLO.ACC.09.2021,8/9/21 21:15,KLO STN,,,,863,8821,LOCO FAILURE,,TURBO BLOWER BURST,ROLLING STOCK
661,TBR.ACC.36.2021,8/9/21 16:20,TBR STN,,,,B12,9023,LOCO FAILURE,,SHORTAGE OF FUEL,ROLLING STOCK
662,LLU.ACC.28.2021,8/9/21 8:45,,10844.5,,E-TBR-LLU,,,BROKEN/BUCKLED RAIL,,TEAR AND WEAR,ROLLING STOCK
663,UVZ.ACC.11.2021,8/8/21 9:30,,11114.7,,E-MAL-UVZ,B371,9016,DERAILMENT,,CENTRE PIVOT PLATE MISSING,TRACK
664,KUA.ACC.15.2021,8/7/21 6:20,,10987.3,10988,E-KUA-KOM,B371,9016,DERAILMENT,,WAGON DROPPED MOUNTED ADJUSTING ROD,ROLLING STOCK
665,GGD.ACC.27.2021,8/6/21 20:15,GGD STN,,,,863,8821,LOCO FAILURE,,FLEXIBLE HIGH PRESSURE PIPE BURST,
666,TAN.ACC.05.2021,8/6/21 14:00,TAN STN,,,,S/E,,DERAILMENT IN YARD,,SICK WAGON,ROLLING STOCK
667,KAT.ACC.04.2021,8/6/21 14:00,,10014.5,,A-LAL-PUG,B271,88U02.88U14,MECHANICAL DEFECTS,,BRAKE BINDING,ROLLING STOCK
668,MIK.ACC.06.2021,8/6/21 3:20,,10169.9,10169.7,A-KIO-MIK,B261,88U07,LOCO FAILURE,,FUEL CUT OUT,ROLLING STOCK
669,MPN.ACC.13.2021,8/5/21 9:00,KTB STN,,,,,,BROKEN/BUCKLED RAIL,,STOCK SWITCH RAIL BROKEN,TRACK
670,LLU.ACC.26.2021,8/5/21 8:50,,10856.1,,E-TBR-LLU,,,BROKEN/BUCKLED RAIL,,TEAR AND WEAR,TRACK
671,LLU.ACC.25.2021,8/5/21 5:10,,10883.4,10883.1,E-MBM-USK,Y351,9016,CAPSIZEMENT,,OVERSPEEDING,HUMAN ERROR
672,MOR.ACC.24.2021,8/5/21 4:00,MOR STN,,,,X341,9018,LOCO FAILURE,,PRESSURE PROBLEM,ROLLING STOCK
673,MPN.ACC.12.2021,8/4/21 8:10,,19178.3,,E1-KTB-MPN,,,BROKEN/BUCKLED RAIL,,TEAR AND WEAR,TRACK
674,MAI.ACC.36.2021,8/3/21 16:45,MAI STN,,,,S/E,64U04,DERAILMENT IN YARD,,WIDE GAUGE,
675,MLP.ACC.07.2021,8/3/21 16:40,,12290.5,12291.2,D-MLA-BWA,,,BROKEN/BUCKLED RAIL,,RAIL BUCKLED,TRACK
676,TBR.ACC.34.2021,8/3/21 13:15,,10850.2,,E-TBR-LLU,,,BROKEN/BUCKLED RAIL,,TEAR AND WEAR,TRACK
677,DOM.ACC.16.21,8/3/21 2:10,,10455.3,,B-HUA-DOM,Y611,88U10,LOCO FAILURE,,SHORTAGE OF FUEL,ROLLING STOCK
678,DOM.ACC.16.2021,8/3/21 2:10,KGE-DOM,10455.3,,B-HUA-DOM,Y611,88U10,LOCO FAILURE,,SHORTAGE OF FUEL,ROLLING STOCK
679,PUG.ACC.06.2021,8/2/21 5:25,,10016.2,,A-LAL-PUG,P131,9005,PERSON KNOCKED TRAIN,DEATH,TRESPASSING,HUMAN ERROR
680,KUA.ACC.14.2021,8/1/21 8:05,,11004,11004.6,E-KOM-USG,Y611,9004,DERAILMENT,,HEAVY HUNTING OSCILLATIONS ON WAGONS,ROLLING STOCK
681,MLM.ACC.09.2021,7/31/21 16:30,,13090.6,13091.7,L-MLM-MVE,BC71,88U07,CAPSIZEMENT,,DEFECTIVE WAGON,ROLLING STOCK
682,WMI.ACC.17.2021,7/31/21 16:30,,13090.6,13091.7,L-MLM-MVE,BC71,88U07,CAPSIZEMENT,,TIGHT SIDE BEARER,ROLLING STOCK
683,MIK.ACC.05.2021,7/31/21 16:15,,10161.7,,A-KIO-MIK,B371,88U08,LOCO FAILURE,,MECHANICAL DEFECTS,
684,TBR.ACC.33.2021,7/31/21 14:20,,10847.4,,E-TBR-LLU,,,BROKEN/BUCKLED RAIL,,POOR TRACK MAINTENANCE,TRACK
685,SOG.ACC.02.2021,7/31/21 14:10,,10052.6,,A-PJI-SOG,,HDT2,MECHANICAL DEFECTS,,MECHANICAL DEFECTS,
686,PJI.ACC.07.2021,7/31/21 7:45,,10038,10040,A-PUG-PJI,B371,88U16.88U08,LOCO FAILURE,,EXCESSIVE WHEEL SLIP,
687,KGE.ACC.06.2021,7/31/21 5:30,KGE STN,,,,Y16,88U02,PERSON KNOCKED TRAIN,,,
688,UGR.ACC.08.21,7/30/21 16:35,,19093,19093.5,E1-LME-UGR,G671,9015,DERAILMENT,,VARIATION OF CURVE PARAMETERS,TRACK
689,KOL.ACC.03.2021,7/30/21 16:05,,12052.7,,D-NZB-IPL,S56,9011,DERAILMENT,,POOR APPLICATION OF BRAKE,HUMAN ERROR
690,KGM.ACC.44.2021,7/29/21 16:35,,11248.6,11249,E-LUC-KGM,B14,9012,DERAILMENT,,JERKING,
691,KGM.ACC.44.21,7/29/21 16:35,,11248.6,11249,E-LUC-KGM,B14,9012,DERAILMENT,,JERKING,UNRESOLVED
692,MOR.ACC.23.2021,7/29/21 1:20,MOR STN,,,,X331,9010,LOCO FAILURE,,PRESSURE PROBLEM,ROLLING STOCK
693,KOR.ACC.08.2021,7/28/21 18:35,KOR STN,14084,,M-KOR-MRI,M7A,88U10,LOCO FAILURE,,MECHANICAL DEFECTS,ROLLING STOCK
694,MOR.ACC.22.2021,7/28/21 0:30,MOR STN,10202,,B-MOR-MBU,B14,9015,LOCO FAILURE,,MECHANICAL DEFECTS,ROLLING STOCK
695,NYA.ACC.01.2021,7/27/21 20:45,NYA STN,10766,,C-NYA-GOK,Y631,9006,LOCO FAILURE,,MECHANICAL DEFECTS,ROLLING STOCK
696,MOR.ACC.21.2021,7/27/21 20:30,,10213.1,,B-MOR-MBU,B211,9010,LOCO FAILURE,,EXCESSIVE WHEEL SLIP,TRACK
697,UVZ.ACC.10.2021,7/27/21 17:00,,11152.4,11152.5,E-UVZ-KZM,B231,9013,DERAILMENT,,TIGHT GAUGE,TRACK
698,KGM.ACC.43.2021,7/27/21 10:15,,11249,,E-LUC-KGM,Y341,9004/U14,LOCO FAILURE,,MECHANICAL DEFECTS,ROLLING STOCK
699,KAT.ACC.02.2021,7/26/21 20:30,KAT STN,,,,C331,9010,LOCO FAILURE,,SHUT DOWN,ROLLING STOCK
700,MKA.ACC.03.2021,7/26/21 16:50,,10258.7,,B-MKA-KMM,Z-311,88U02,TRAIN DIVISION,,COUPLING BROKEN,ROLLING STOCK
701,LLU.ACC.24.2021,7/26/21 13:40,,10858.8,10858.9,E-TBR-LLU,,,BROKEN/BUCKLED RAIL,,LACK OF BALLAST,TRACK
702,LLU.ACC.23.2021,7/26/21 7:40,,10874.3,10874.4,E-LLU-MBM,,,BROKEN/BUCKLED RAIL,,TEAR AND WEAR,TRACK
703,TBR.ACC.32.2021,7/26/21 1:55,,12016,,D-TBR-KOL,C351,9006,LOCO FAILURE,,DBV PROBLEM,ROLLING STOCK
704,KZM.ACC.37.2021,7/25/21 9:30,,11215.5,11215.4,E-KZM-LUC,Y12,9013.9024,DERAILMENT,,JERKING,HUMAN ERROR
705,MBO.ACC.02.2021,7/25/21 9:20,,14126.9,,M-MKY-MBO,,,DEAD BODY FOUND ON THE TRACK,,NATURAL DEATH,
706,KLO.ACC.13.2021,7/24/21 17:30,KLO STN,,,,863,8821,LOCO FAILURE,,MECHANICAL DEFECTS,ROLLING STOCK
707,MBO.ACC.01.2021,7/23/21 22:50,,14101.1,14101.2,M-MRI-MKY,I17,9020,MOTOR VEHICLE KNOCKED TRAIN,,NEGLIGENCY,HUMAN ERROR
708,MAL.ACC.08.2021,7/23/21 12:20,,11100.8,11101,E-MAL-UVZ,B232,88U14,DERAILMENT,,RAIL BUCKLED,
709,MLP.ACC.05.2021,7/23/21 8:00,MLP STN,,,,A311,9012,LOCO FAILURE,,FILTER LEAKAGE,ROLLING STOCK
710,URM.ACC.08.2021,7/22/21 20:10,URM STN,,,,Q661,9021,LOCO FAILURE,,SHORTAGE OF FUEL,ROLLING STOCK
711,HUA.ACC.06.2021,7/22/21 14:30,,10433.9,,B-KBO-HUA,BC31,9006,LOCO FAILURE,,MECHANICAL DEFECTS,ROLLING STOCK
712,MYB.ACC.12.2021,7/22/21 13:00,,13027.1,13027,L-MYB-GDA,W351,88U10,DERAILMENT,,TIGHT SIDE BEARER,ROLLING STOCK
713,MYB.ACC.04.2021,7/22/21 13:00,,13027.1,,L-MYB-GDA,W351,88U10,DERAILMENT,,TIGHT SIDE BEARER,ROLLING STOCK
714,KID.ACC.09.2021,7/22/21 9:00,,10326.1,,B-KID-GGD,Y14,9019,CAPSIZEMENT,,KNOCKED BY YAPI MERKEZ LORRY,HUMAN ERROR
715,TBR.ACC.31.2021,7/22/21 4:20,TBR STN,,,,V261,88U02,LOCO FAILURE,,FUEL LEAKING,ROLLING STOCK
716,MOR.ACC.20.2021,7/22/21 1:55,,10198,,A-KIM-MOR,E741,88U06,LOCO FAILURE,,MECHANICAL DEFECTS,ROLLING STOCK
717,MIK.ACC.04.2021,7/21/21 22:40,MIK STN,10173,,A-MIK-KIM,V751,88U06,LOCO FAILURE,,MECHANICAL DEFECTS,ROLLING STOCK
718,GDA.ACC.12.2021,7/21/21 16:00,,13038.8,13038.2,L-MYB-GDA,W351,88U10,DERAILMENT,,TIGHT SIDE BEARER,ROLLING STOCK
719,MAL.ACC.07.2021,7/21/21 1:45,,11103,11102.8,E-MAL-UVZ,Y14,9017,DERAILMENT,,BAD CROSS LEVEL,TRACK
720,MAI.ACC.34.2021,7/20/21 17:10,MAI STN,,,,S/E,64U04,DERAILMENT IN YARD,,HALF WAY SET OF POINTS,HUMAN ERROR
721,MPN.ACC.11.2021,7/20/21 13:00,,19188.7,,E1-KTB-MPN,,,BROKEN/BUCKLED RAIL,,TEAR AND WEAR,TRACK
722,KBO.ACC.09.21,7/19/21 13:25,,10412.2,,B-IGD-KBO,A311,9010,LOCO FAILURE,,MECHANICAL DEFECTS,ROLLING STOCK
723,LLU.ACC.21.21,7/19/21 11:20,,10873.5,10873.6,E-LLU-MBM,,,BROKEN/BUCKLED RAIL,,TEAR AND WEAR,TRACK
724,KZM.ACC.36.21,7/19/21 8:30,KZM STN,11191,,E-KZM-LUC,B231,9024,LOCO FAILURE,,MECHANICAL DEFECTS,ROLLING STOCK
725,WMI.ACC.16.21,7/19/21 6:30,,13131.4,,L-WMI-UGW,,,BROKEN/BUCKLED RAIL,,TEAR AND WEAR,TRACK
726,KGE.ACC.05.21,7/18/21 19:00,KGE STN,10491,,C-KGE-BAH,V221,88U04,LOCO FAILURE,,SHORTAGE OF FUEL,ROLLING STOCK
727,GOK.ACC.02.21,7/18/21 14:00,GOK STN,10786,,C-GOK-IGL,BC51,9008,BRAKE BINDING,,MECHANICAL DEFECTS,ROLLING STOCK
728,WMI.ACC.15.21,7/18/21 13:15,,13166.4,,L-UGW-RVJ,,IMTS13,LOCO FAILURE,,MECHANICAL DEFECTS,ROLLING STOCK
729,MAN.ACC.14.21,7/18/21 6:20,,10586.4,,C-MAN-AGH,V921,9016,MOTOR VEHICLE KNOCKED TRAIN,,NEGLIGENCY OF ROAD VEHICLE DRIVER,HUMAN ERROR
730,KWB.ACC.05.2021,7/17/21 18:20,KWB STN,,,,Y351,88U16,DERAILMENT IN YARD,,UNEVEN LOADING,HUMAN ERROR
731,GDA.ACC.11.2021,7/17/21 11:10,GDA STN,,,,BC71,88U08,LOCO FAILURE,,MECHANICAL,ROLLING STOCK
732, GDA.ACC.11.2021,7/17/21 11:10,GDA STN,13042,,L-GDA-MLM,BC71,88U08,LOCO FAILURE,,MECHANICAL DEFECTS,ROLLING STOCK
733,LAL.ACC.30.2021,7/17/21 10:10,,,,,,,DERAILMENT IN YARD,,TO BE STATED,
734,LAL.ACC.29.2021,7/17/21 9:55,LAL STN,,,,,,DERAILMENT IN YARD,,DEFECTIVE WAGON,ROLLING STOCK
735,KGM.ACC.42.21,7/17/21 9:05,,11248.5,,E-LUC-KGM,YD11,9017,LOCO FAILURE,,MECHANICAL DEFECTS,ROLLING STOCK
736,LLU.ACC.21.2021,7/17/21 8:15,,10874.2,,E-LLU-MBM,,,BROKEN/BUCKLED RAIL,,LACK OF BALLAST,TRACK
737,MOR.ACC.19.2021,7/16/21 3:45,,10200.5,,A-KIM-MOR,C261,9010.9013,DERAILMENT,,OVERSHOOTING,
738,SHY.ACC.04.2021,7/15/21 19:10,,12217.2,,D-SHY-SWA,H761,9023,UNEVEN LOADING,,OGL LOAD,
739,KMT.ACC.15.2021,7/15/21 17:15,DSM STN,,,,TRIP,64U05,DERAILMENT IN YARD,,TRACK COVERED BY SAND,TRACK
740,MAI.ACC.33.2021,7/15/21 15:30,MAI SCANNER LINE,,,,S/E,64U03,DERAILMENT IN YARD,,DEFECTIVE POINT,
741,GGD.ACC.26.21,7/15/21 8:10,,10342.3,,B-KID-GGD,,IMT5,TROLLEY FAILURE,,MECHANICAL DEFECTS,
742,UGR.ACC.07.2021,7/14/21 7:50,,19127.1,,E1-UGR-KTB,,,BROKEN/BUCKLED RAIL,,TEAR AND WEAR,TRACK
743,KLO.ACC.12.2021,7/13/21 12:30,KLO STN,,,,863,8821,LOCO FAILURE,,MECHANICAL,ROLLING STOCK
744,LLU.ACC.20.2021,7/13/21 7:30,,10866.8,10866.9,E-LLU-MBM,,,BROKEN/BUCKLED RAIL,,TEAR AND WEAR,TRACK
745,KIM.ACC.10.2021,7/13/21 2:50,,10185.4,,A-MIK-KIM,B231,88U02,DRIVER FALL DOWN HIMSELF,,SICKNESS,
746,MAI.ACC.32.2021,7/12/21 22:15,MALINDI YARD,,,,S/E,64U05,DERAILMENT IN YARD,,HALF WAY SET OF POINTS,
747,KGE.ACC.04.2021,7/12/21 18:50,,10512.6,10510.6,C-KGE-BAH,,,TRACK INTERFERENCE,,TRESPASSING,HUMAN ERROR
748,LAL.ACC.29.21,7/12/21 10:30,LAL STN,,,,S/E,64U02,DERAILMENT IN YARD,,TO BE STATED,
749,LLU.ACC.16.21,7/12/21 8:30,,10864.5,10862.4,E-TBR-LLU,,,BROKEN/BUCKLED RAIL,,INSUFFICIENT BALLAST,
750,PJI.ACC.06.2021,7/12/21 4:05,,10041,10042,A-PUG-PJI,E321,9016,LOCO FAILURE,,POOR PULLING POWER,ROLLING STOCK
751,LAL.ACC.28.2021,7/11/21 9:00,LAL STN,,,,862,88U10,LOCO FAILURE,,MECHANICAL DEFECTS,ROLLING STOCK
752,GGD.ACC.25.2021,7/11/21 8:00,GGD STN,,,,863,8825,LOCO FAILURE,,MECHANICAL DEFECTS,ROLLING STOCK
753,MAN.ACC.13.2021,7/11/21 6:50,MAN STN,,,,V211,9004,LOCO FAILURE,,PRESSURE PROBLEM,
754,RVJ.ACC.10.2021,7/11/21 1:00,,13171.3,,L-UGW-RVJ,MT,PGT8,TROLLEY FAILURE,,MECHANICAL DEFECTS,
755,KGM.ACC.41.2021,7/9/21 11:30,KGM STN,,,,S/E,64U02,DERAILMENT IN YARD,,ROUGH SHUNTING,HUMAN ERROR
756,KUA.ACC.13.2021,7/9/21 8:00,,19010.5,19011.7,E1-KUA-LME,N56,9015,DERAILMENT,,WEAK TRACK FORMATION,TRACK
757,MOR.ACC.18.2021,7/9/21 3:25,,10203.6,,B-MOR-MBU,BC11,9008,LOCO FAILURE,,POOR PULLING POWER,ROLLING STOCK
758,URM.ACC.06.2021,7/8/21 12:35,,10906.7,10906.8,E-USK-URM,,,BROKEN/BUCKLED RAIL,,TEAR AND WEAR,TRACK
759,KLO.ACC.11.2021,7/8/21 8:00,,10281.8,10281.9,B-KMM-KLO,,,LAND SLIDE,,SGR CONSTRUCTION ACTIVITIES,HUMAN ERROR
760,KZM.ACC.35.2021,7/8/21 0:30,,11205.5,,E-KZM-LUC,B311,9022,LOCO FAILURE,,PRESSURE PROBLEM,
761,KUA.ACC.12.2021,7/7/21 12:35,,19011.7,19010.5,E1-KUA-LME,N54,9010,DERAILMENT,,JERKING,
762,KUA.ACC.11.2021,7/7/21 9:40,,11002.4,,E-KOM-USG,Y14,9023,DERAILMENT,,ABRUPT APPLICATION OF BREAK,
763,DOM.ACC.15.2021,7/7/21 7:05,,10465.4,,C-DOM-ZZU,Y411,9008,LOCO FAILURE,,SHORTAGE OF FUEL,ROLLING STOCK
764,MAL.ACC.06.2021,7/6/21 15:50,,11051.9,,E-USG-NUR,B311,9022,TRAIN DIVISION,,COUPLING BROKEN,ROLLING STOCK
765,MIK.ACC.03.2021,7/6/21 8:35,,10172,,A-KIO-MIK,E311,88U08,LOCO FAILURE,,GROUND FAULT,ROLLING STOCK
766,SHY.ACC.03.2021,7/6/21 7:45,,12172.1,12172.2,D-LMO-USL,H53,9015,WAGON CAUGHT FIRE,,GAS CYLINDER EXPLOSION,HUMAN ERROR
767,UVZ.ACC.09.2021,7/5/21 14:50,,11143.7,11144,E-UVZ-KZM,B241,9024,DERAILMENT,,SUSPECTED LOAD SHIFT,HUMAN ERROR
768,TBR.ACC.30.2021,7/5/21 14:20,TBR STN,10840,,E-TBR-LLU,S/E,9010,DERAILMENT IN YARD,,DEFECTIVE WAGON,ROLLING STOCK
769,MSO.ACC.04.2021,7/5/21 10:00,MSO STN,12376,,D-MSO-MZA,S/E,9020,DERAILMENT IN YARD,,WIDE GAUGE,TRACK
770,TAN.ACC.04.2021,7/5/21 10:00,TAN STN,14000,,M-TAN-PON,S/E,9012,DERAILMENT IN YARD,,WHEEL SHARP FLANGE,ROLLING STOCK
771,LAL.ACC.26.2021,7/4/21 16:55,LALA STN,,,,S/E,64U05,LOCO FAILURE,,TRAIN PIPE BROKEN REAR SIDE,ROLLING STOCK
772,DSM.ACC.14.2021,7/4/21 14:50,DSM STN,,,,B12,88U10,LOCO FAILURE,,FAILED TO CREATE AIR PRESSURE TO THE COACHES,
773,TBR.ACC.29.2021,7/4/21 11:00,TBR STN,,,,S/E,9004,DERAILMENT IN YARD,,SHARP FLANGE,ROLLING STOCK
774,WMI.ACC.13.2021,7/4/21 5:55,,13125.75,13126.3,L-WMI-UGW,011,9018,DERAILMENT,,DEFECTIVE WAGON,ROLLING STOCK
775,KGM.ACC.40.2021,7/3/21 9:00,,11247.1,,E-LUC-KGM,YD11,9004,DEAD BODY FOUND ON THE TRACK,,,
776,MOR.ACC.17.2021,7/2/21 20:00,,10206.03,,B-MOR-MBU,V261,88U10,LOCO FAILURE,,MECHANICAL FAULT,
777,GGD.ACC.26.2021,7/2/21 17:00,GGD STN,10349,,B-GGD-GLW,ET 863,8821,LOCO FAILURE,,MECHANICAL DEFECTS,
778,MSO.ACC.03.21,7/2/21 16:50,MSO YARD,,,D-MSO-MZA,S/E,3703,DERAILMENT IN YARD,,UNEVEN LOADING,
779,UVZ.ACC.08.2021,7/2/21 12:50,,11104.4,11104.6,E-MAL-UVZ,BD16,9004,DERAILMENT,,JERKING,HUMAN ERROR
780,ITG.ACC.01.2021,7/2/21 11:00,,10665.4,,C-KKZ-KGX,,,BROKEN/BUCKLED RAIL,,FAILURE OF WELDED JOINTS,TRACK
781,LAL.ACC.25.2021,7/2/21 10:10,LAL STN,10003,,A-LAL-PUG,,HDTC4,DERAILMENT IN YARD,,ADJUSTING ROD DROPPED,
782,LAB.ACC.25.2021,7/2/21 10:00,ILALA STN,,,,S/E,HDTC4,DERAILMENT IN YARD,,HOOK OF WAGON DROPPED ON ADJUSTING ROD OF POINTS,
783,LLU.ACC.16.2021,7/2/21 10:00,,10854.6,,E-TBR-LLU,,,BROKEN/BUCKLED RAIL,,FAILURE OF WELDED JOINTS,TRACK
784,MUH.ACC.06.2021,7/2/21 7:30,,14021.8,,M-PON-NGI,,,BROKEN/BUCKLED RAIL,,TEAR AND WEAR,TRACK
785,UGR.ACC.05.2021,7/2/21 2:10,,19132.7,19132.5,E1-UGR-KTB,N56,9008,DERAILMENT,,BAD TRACK LEVELS,TRACK
786,MSO.ACC.03.2021,7/1/21 16:50,MSO STN,12376,,D-MSO-MZA,S/E,3703,DERAILMENT IN YARD,,WIDE GAUGE,TRACK
787,LUC.ACC.14.2021,7/1/21 13:00,,11214.3,11215.3,E-KZM-LUC,B211,88U02,DERAILMENT,,TIGHT GAUGE,TRACK
788,LUC.ACC.14.21,7/1/21 13:00,,1214.3,1215.3,E-KZM-LUC,B211,88U02,DERAILMENT,,BRAKE BEAM DROPPED,ROLLING STOCK
789,LAB.ACC.14.2021,7/1/21 5:55,MWANANCHI LEVEL CROSSING,,,,F161,88U08,MOTOR VEHICLE KNOCKED TRAIN,,NEGLIGENCY OF ROAD VEHICLE DRIVER,
790,LAB.ACC.14.21,7/1/21 5:55,MWANANCHI,,,A-LAB-UBO,F161,88U08,MOTOR VEHICLE KNOCKED TRAIN,INJURY,NEGLIGENCY OF ROAD VEHICLE DRIVER,NONE
791,UGR.ACC.05.21,7/1/21 2:10,,132.7,132.5,E1-UGR-KTB,N56,9008,DERAILMENT,,JERKING,UNRESOLVED